gooddogg1,12042508
gooddogg1,12042508
gooddogg1,12042508
gooddogg1,12042508
gooddogg1,12042512
gooddogg1,12042512
gooddogg1,12042512
gooddogg1,12042512
patricia2568,12042512
LenderID,12042512
marilia1819,12042512
gooddogg1,12042516
gooddogg1,12042516
gooddogg1,12042516
gooddogg1,12042516
LenderID,12042516
marilia1819,12042516
patricia2568,12042516
gooddogg1,12042608
gooddogg1,12042608
gooddogg1,12042608
gooddogg1,12042608
patricia2568,12042608
marilia1819,12042608
LenderID,12042608
gooddogg1,12042612
gooddogg1,12042612
gooddogg1,12042612
gooddogg1,12042612
marilia1819,12042612
patricia2568,12042612
LenderID,12042612
gooddogg1,12042616
gooddogg1,12042616
gooddogg1,12042616
gooddogg1,12042616
LenderID,12042616
patricia2568,12042616
marilia1819,12042616
gooddogg1,12042708
gooddogg1,12042708
gooddogg1,12042708
gooddogg1,12042708
LenderID,12042708
patricia2568,12042708
marilia1819,12042708
gooddogg1,12042712
gooddogg1,12042712
gooddogg1,12042712
gooddogg1,12042712
marilia1819,12042712
patricia2568,12042712
LenderID,12042712
caitlin1930,12042712
gooddogg1,12042716
gooddogg1,12042716
gooddogg1,12042716
gooddogg1,12042716
LenderID,12042716
patricia2568,12042716
marilia1819,12042716
lene1867,12042716
gooddogg1,12042808
gooddogg1,12042808
gooddogg1,12042808
gooddogg1,12042808
patricia2568,12042808
lene1867,12042808
marilia1819,12042808
LenderID,12042808
gooddogg1,12042812
gooddogg1,12042812
gooddogg1,12042812
gooddogg1,12042812
marilia1819,12042812
lene1867,12042812
LenderID,12042812
patricia2568,12042812
gooddogg1,12042816
gooddogg1,12042816
gooddogg1,12042816
gooddogg1,12042816
lene1867,12042816
patricia2568,12042816
marilia1819,12042816
holly1540,12042816
LenderID,12042816
gooddogg1,12042908
gooddogg1,12042908
gooddogg1,12042908
gooddogg1,12042908
marilia1819,12042908
patricia2568,12042908
LenderID,12042908
lene1867,12042908
gooddogg1,12042912
gooddogg1,12042912
gooddogg1,12042912
gooddogg1,12042912
patricia2568,12042912
LenderID,12042912
marilia1819,12042912
lene1867,12042912
gooddogg1,12042916
gooddogg1,12042916
gooddogg1,12042916
gooddogg1,12042916
patricia2568,12042916
marilia1819,12042916
LenderID,12042916
lene1867,12042916
gooddogg1,12043008
gooddogg1,12043008
gooddogg1,12043008
gooddogg1,12043008
patricia2568,12043008
LenderID,12043008
marilia1819,12043008
gooddogg1,12043012
gooddogg1,12043012
gooddogg1,12043012
gooddogg1,12043012
patricia2568,12043012
LenderID,12043012
marilia1819,12043012
gooddogg1,12043016
gooddogg1,12043016
gooddogg1,12043016
gooddogg1,12043016
patricia2568,12043016
juliasophie8666,12043016
marilia1819,12043016
LenderID,12043016
gooddogg1,12050108
gooddogg1,12050108
gooddogg1,12050108
gooddogg1,12050108
LenderID,12050108
marilia1819,12050108
patricia2568,12050108
gooddogg1,12050112
gooddogg1,12050112
gooddogg1,12050112
gooddogg1,12050112
LenderID,12050112
patricia2568,12050112
marilia1819,12050112
gooddogg1,12050116
gooddogg1,12050116
gooddogg1,12050116
gooddogg1,12050116
LenderID,12050116
patricia2568,12050116
gooddogg1,12050208
gooddogg1,12050208
gooddogg1,12050208
gooddogg1,12050208
patricia2568,12050208
LenderID,12050208
gooddogg1,12050212
gooddogg1,12050212
gooddogg1,12050212
gooddogg1,12050212
LenderID,12050212
patricia2568,12050212
gooddogg1,12050216
gooddogg1,12050216
gooddogg1,12050216
gooddogg1,12050216
LenderID,12050216
patricia2568,12050216
gooddogg1,12050308
gooddogg1,12050308
gooddogg1,12050308
gooddogg1,12050308
LenderID,12050308
patricia2568,12050308
gooddogg1,12050312
gooddogg1,12050312
gooddogg1,12050312
gooddogg1,12050312
patricia2568,12050312
LenderID,12050312
gooddogg1,12050316
gooddogg1,12050316
gooddogg1,12050316
gooddogg1,12050316
LenderID,12050316
boel3581,12050316
patricia2568,12050316
gooddogg1,12050408
gooddogg1,12050408
gooddogg1,12050408
gooddogg1,12050408
patricia2568,12050408
LenderID,12050408
gooddogg1,12050412
gooddogg1,12050412
gooddogg1,12050412
gooddogg1,12050412
patricia2568,12050412
ian8333,12050412
LenderID,12050412
gooddogg1,12050416
gooddogg1,12050416
gooddogg1,12050416
gooddogg1,12050416
LenderID,12050416
patricia2568,12050416
gooddogg1,12050508
gooddogg1,12050508
gooddogg1,12050508
gooddogg1,12050508
LenderID,12050508
gooddogg1,12050512
gooddogg1,12050512
gooddogg1,12050512
LenderID,12050512
gooddogg1,12050516
gooddogg1,12050516
gooddogg1,12050516
LenderID,12050516
gooddogg1,12050608
gooddogg1,12050608
gooddogg1,12050608
LenderID,12050608
gooddogg1,12050612
gooddogg1,12050612
gooddogg1,12050612
LenderID,12050612
gooddogg1,12050616
gooddogg1,12050616
gooddogg1,12050616
LenderID,12050616
gooddogg1,12050708
gooddogg1,12050708
gooddogg1,12050708
LenderID,12050708
paul9826,12050708
gooddogg1,12050712
gooddogg1,12050712
gooddogg1,12050712
LenderID,12050712
gooddogg1,12050716
gooddogg1,12050716
gooddogg1,12050716
LenderID,12050716
gooddogg1,12050808
gooddogg1,12050808
gooddogg1,12050808
LenderID,12050808
gooddogg1,12050812
gooddogg1,12050812
gooddogg1,12050812
LenderID,12050812
gooddogg1,12050816
gooddogg1,12050816
gooddogg1,12050816
LenderID,12050816
gooddogg1,12050908
gooddogg1,12050908
gooddogg1,12050908
kristian2381,12050908
LenderID,12050908
zoe2542,12050908
bertjan5577,12050908
gooddogg1,12050912
gooddogg1,12050912
gooddogg1,12050912
bertjan5577,12050912
LenderID,12050912
gooddogg1,12050916
gooddogg1,12050916
gooddogg1,12050916
LenderID,12050916
jennifer4169,12050916
gooddogg1,12051008
gooddogg1,12051008
gooddogg1,12051008
LenderID,12051008
gooddogg1,12051012
gooddogg1,12051012
gooddogg1,12051012
LenderID,12051012
prashant8538,12051012
gooddogg1,12051016
gooddogg1,12051016
gooddogg1,12051016
sosie2992,12051016
LenderID,12051016
gooddogg1,12051108
gooddogg1,12051108
gooddogg1,12051108
LenderID,12051108
gooddogg1,12051112
gooddogg1,12051112
gooddogg1,12051112
LenderID,12051112
vijay5715,12051112
mike4841,12051112
gooddogg1,12051116
gooddogg1,12051116
gooddogg1,12051116
peter1234,12051116
LenderID,12051116
gooddogg1,12051208
gooddogg1,12051208
gooddogg1,12051208
LenderID,12051208
gooddogg1,12051212
gooddogg1,12051212
gooddogg1,12051212
LenderID,12051212
gooddogg1,12051216
gooddogg1,12051216
gooddogg1,12051216
LenderID,12051216
gooddogg1,12051308
gooddogg1,12051308
gooddogg1,12051308
karen4190,12051308
LenderID,12051308
gooddogg1,12051312
gooddogg1,12051312
gooddogg1,12051312
LenderID,12051312
karen4190,12051312
gooddogg1,12051316
gooddogg1,12051316
gooddogg1,12051316
karen4190,12051316
LenderID,12051316
gooddogg1,12051408
gooddogg1,12051408
gooddogg1,12051408
rbindes,12051408
karen4190,12051408
LenderID,12051408
gooddogg1,12051412
gooddogg1,12051412
gooddogg1,12051412
karen4190,12051412
LenderID,12051412
rbindes,12051412
gooddogg1,12051416
gooddogg1,12051416
gooddogg1,12051416
rbindes,12051416
Magganpice,12051416
LenderID,12051416
gooddogg1,12051508
gooddogg1,12051508
gooddogg1,12051508
jan92,12051508
Anonym,12051508
rbindes,12051508
LenderID,12051508
gooddogg1,12051612
gooddogg1,12051612
gooddogg1,12051612
LenderID,12051612
jan92,12051612
patricia2568,12051612
selena,12051612
rbindes,12051612
gooddogg1,12051616
gooddogg1,12051616
gooddogg1,12051616
jan92,12051616
LenderID,12051616
patricia2568,12051616
rbindes,12051616
gooddogg1,12051708
gooddogg1,12051708
gooddogg1,12051708
trolltech4460,12051708
jan92,12051708
LenderID,12051708
patricia2568,12051708
rbindes,12051708
gooddogg1,12051712
gooddogg1,12051712
gooddogg1,12051712
trolltech4460,12051712
patricia2568,12051712
LenderID,12051712
jan92,12051712
rbindes,12051712
gooddogg1,12051716
gooddogg1,12051716
gooddogg1,12051716
trolltech4460,12051716
LenderID,12051716
gooddogg1,12051808
gooddogg1,12051808
gooddogg1,12051808
trolltech4460,12051808
jan92,12051808
LenderID,12051808
patricia2568,12051808
rbindes,12051808
gooddogg1,12051812
gooddogg1,12051812
gooddogg1,12051812
trolltech4460,12051812
jan92,12051812
patricia2568,12051812
LenderID,12051812
rbindes,12051812
gooddogg1,12051816
gooddogg1,12051816
gooddogg1,12051816
trolltech4460,12051816
patricia2568,12051816
LenderID,12051816
julie5415,12051816
jan92,12051816
rbindes,12051816
gooddogg1,12051908
gooddogg1,12051908
gooddogg1,12051908
trolltech4460,12051908
jan92,12051908
rbindes,12051908
LenderID,12051908
patricia2568,12051908
trolltech4460,12051912
gooddogg1,12051912
gooddogg1,12051912
gooddogg1,12051912
jan92,12051912
patricia2568,12051912
rbindes,12051912
LenderID,12051912
gooddogg1,12051916
gooddogg1,12051916
gooddogg1,12051916
trolltech4460,12051916
rbindes,12051916
jan92,12051916
patricia2568,12051916
LenderID,12051916
gooddogg1,12052008
gooddogg1,12052008
gooddogg1,12052008
trolltech4460,12052008
patricia2568,12052008
LenderID,12052008
rbindes,12052008
jan92,12052008
trolltech4460,12052012
gooddogg1,12052012
gooddogg1,12052012
gooddogg1,12052012
LenderID,12052012
patricia2568,12052012
jan92,12052012
trolltech4460,12052016
gooddogg1,12052016
gooddogg1,12052016
gooddogg1,12052016
patricia2568,12052016
LenderID,12052016
jan92,12052016
gooddogg1,12052108
gooddogg1,12052108
gooddogg1,12052108
trolltech4460,12052108
LenderID,12052108
jan92,12052108
patricia2568,12052108
gooddogg1,12052112
gooddogg1,12052112
gooddogg1,12052112
trolltech4460,12052112
jan92,12052112
LenderID,12052112
patricia2568,12052112
gooddogg1,12052116
gooddogg1,12052116
gooddogg1,12052116
trolltech4460,12052116
LenderID,12052116
patricia2568,12052116
jan92,12052116
gooddogg1,12052208
gooddogg1,12052208
gooddogg1,12052208
trolltech4460,12052208
jan92,12052208
patricia2568,12052208
websitesinbusiness,12052208
LenderID,12052208
trolltech4460,12052212
gooddogg1,12052212
gooddogg1,12052212
gooddogg1,12052212
patricia2568,12052212
LenderID,12052212
jan92,12052212
gooddogg1,12052216
gooddogg1,12052216
gooddogg1,12052216
trolltech4460,12052216
patricia2568,12052216
LenderID,12052216
jan92,12052216
trolltech4460,12052308
gooddogg1,12052308
gooddogg1,12052308
gooddogg1,12052308
jan92,12052308
LenderID,12052308
patricia2568,12052308
trolltech4460,12052316
gooddogg1,12052316
gooddogg1,12052316
gooddogg1,12052316
gooddogg1,12052316
jan92,12052316
patricia2568,12052316
LenderID,12052316
trolltech4460,12052408
gooddogg1,12052408
gooddogg1,12052408
gooddogg1,12052408
gooddogg1,12052408
LenderID,12052408
patricia2568,12052408
jan92,12052408
trolltech4460,12052412
gooddogg1,12052412
gooddogg1,12052412
gooddogg1,12052412
gooddogg1,12052412
jan92,12052412
patricia2568,12052412
LenderID,12052412
trolltech4460,12052416
gooddogg1,12052416
gooddogg1,12052416
gooddogg1,12052416
gooddogg1,12052416
patricia2568,12052416
jan92,12052416
LenderID,12052416
trolltech4460,12052508
gooddogg1,12052508
gooddogg1,12052508
gooddogg1,12052508
gooddogg1,12052508
LenderID,12052508
patricia2568,12052508
jan92,12052508
christer9331,12052508
trolltech4460,12052512
gooddogg1,12052512
gooddogg1,12052512
gooddogg1,12052512
gooddogg1,12052512
patricia2568,12052512
jan92,12052512
LenderID,12052512
trolltech4460,12052516
gooddogg1,12052516
gooddogg1,12052516
gooddogg1,12052516
gooddogg1,12052516
jan92,12052516
patricia2568,12052516
LenderID,12052516
trolltech4460,12052608
gooddogg1,12052608
gooddogg1,12052608
gooddogg1,12052608
gooddogg1,12052608
jan92,12052608
patricia2568,12052608
LenderID,12052608
trolltech4460,12052612
gooddogg1,12052612
gooddogg1,12052612
gooddogg1,12052612
gooddogg1,12052612
patricia2568,12052612
LenderID,12052612
jan92,12052612
gooddogg1,12052616
gooddogg1,12052616
gooddogg1,12052616
gooddogg1,12052616
trolltech4460,12052616
patricia2568,12052616
LenderID,12052616
jan92,12052616
gooddogg1,12052708
gooddogg1,12052708
gooddogg1,12052708
gooddogg1,12052708
trolltech4460,12052708
patricia2568,12052708
LenderID,12052708
jan92,12052708
gooddogg1,12052712
gooddogg1,12052712
gooddogg1,12052712
gooddogg1,12052712
trolltech4460,12052712
jan92,12052712
LenderID,12052712
patricia2568,12052712
lincoln4338,12052712
trolltech4460,12052716
gooddogg1,12052716
gooddogg1,12052716
gooddogg1,12052716
gooddogg1,12052716
LenderID,12052716
patricia2568,12052716
jan92,12052716
aimclub8729,12052716
lincoln4338,12052716
mauro9434,12052716
trolltech4460,12052718
trolltech4460,12052718
gooddogg1,12052808
gooddogg1,12052808
gooddogg1,12052808
gooddogg1,12052808
trolltech4460,12052808
jan92,12052808
lincoln4338,12052808
LenderID,12052808
patricia2568,12052808
gooddogg1,12052812
gooddogg1,12052812
gooddogg1,12052812
gooddogg1,12052812
trolltech4460,12052812
lincoln4338,12052812
LenderID,12052812
patricia2568,12052812
jan92,12052812
gooddogg1,12052816
gooddogg1,12052816
gooddogg1,12052816
gooddogg1,12052816
trolltech4460,12052816
jan92,12052816
patricia2568,12052816
LenderID,12052816
lincoln4338,12052816
trolltech4460,12052908
gooddogg1,12052908
gooddogg1,12052908
gooddogg1,12052908
gooddogg1,12052908
lincoln4338,12052908
LenderID,12052908
patricia2568,12052908
jan92,12052908
gooddogg1,12052912
gooddogg1,12052912
gooddogg1,12052912
gooddogg1,12052912
trolltech4460,12052912
jan92,12052912
patricia2568,12052912
LenderID,12052912
lincoln4338,12052912
trolltech4460,12052916
gooddogg1,12052916
gooddogg1,12052916
gooddogg1,12052916
gooddogg1,12052916
lincoln4338,12052916
jan92,12052916
patricia2568,12052916
LenderID,12052916
gooddogg1,12053008
gooddogg1,12053008
gooddogg1,12053008
gooddogg1,12053008
trolltech4460,12053008
LenderID,12053008
jan92,12053008
lincoln4338,12053008
patricia2568,12053008
trolltech4460,12053012
gooddogg1,12053012
gooddogg1,12053012
gooddogg1,12053012
gooddogg1,12053012
jan92,12053012
patricia2568,12053012
LenderID,12053012
charlesNY,12053012
lincoln4338,12053012
trolltech4460,12053016
gooddogg1,12053016
gooddogg1,12053016
gooddogg1,12053016
gooddogg1,12053016
gooddogg1,12053016
LenderID,12053016
lincoln4338,12053016
jan92,12053016
patricia2568,12053016
gooddogg1,12053108
gooddogg1,12053108
gooddogg1,12053108
gooddogg1,12053108
gooddogg1,12053108
trolltech4460,12053108
patricia2568,12053108
jan92,12053108
lincoln4338,12053108
LenderID,12053108
trolltech4460,12053112
gooddogg1,12053112
gooddogg1,12053112
gooddogg1,12053112
gooddogg1,12053112
gooddogg1,12053112
jan92,12053112
patricia2568,12053112
LenderID,12053112
lincoln4338,12053112
gooddogg1,12053116
gooddogg1,12053116
gooddogg1,12053116
gooddogg1,12053116
gooddogg1,12053116
trolltech4460,12053116
lincoln4338,12053116
LenderID,12053116
patricia2568,12053116
jan92,12053116
dean8011,12053116
gooddogg1,12060108
gooddogg1,12060108
gooddogg1,12060108
gooddogg1,12060108
gooddogg1,12060108
trolltech4460,12060108
lincoln4338,12060108
LenderID,12060108
jan92,12060108
patricia2568,12060108
gooddogg1,12060112
gooddogg1,12060112
gooddogg1,12060112
gooddogg1,12060112
gooddogg1,12060112
trolltech4460,12060112
lincoln4338,12060112
LenderID,12060112
jan92,12060112
patricia2568,12060112
gooddogg1,12060116
gooddogg1,12060116
gooddogg1,12060116
gooddogg1,12060116
gooddogg1,12060116
LenderID,12060116
gooddogg1,12060208
gooddogg1,12060208
gooddogg1,12060208
gooddogg1,12060208
gooddogg1,12060208
trolltech4460,12060208
jan92,12060208
LenderID,12060208
lincoln4338,12060208
patricia2568,12060208
trolltech4460,12060212
gooddogg1,12060212
gooddogg1,12060212
gooddogg1,12060212
gooddogg1,12060212
gooddogg1,12060212
patricia2568,12060212
LenderID,12060212
lincoln4338,12060212
jan92,12060212
trolltech4460,12060216
gooddogg1,12060216
gooddogg1,12060216
gooddogg1,12060216
gooddogg1,12060216
gooddogg1,12060216
lincoln4338,12060216
patricia2568,12060216
jan92,12060216
LenderID,12060216
gooddogg1,12060308
gooddogg1,12060308
gooddogg1,12060308
gooddogg1,12060308
gooddogg1,12060308
trolltech4460,12060308
LenderID,12060308
patricia2568,12060308
jan92,12060308
lincoln4338,12060308
marilyn1066,12060308
sabine8077,12060308
gooddogg1,12060312
gooddogg1,12060312
gooddogg1,12060312
gooddogg1,12060312
gooddogg1,12060312
trolltech4460,12060312
LenderID,12060312
lincoln4338,12060312
patricia2568,12060312
jan92,12060312
trolltech4460,12060316
gooddogg1,12060316
gooddogg1,12060316
gooddogg1,12060316
gooddogg1,12060316
gooddogg1,12060316
LenderID,12060316
jan92,12060316
lincoln4338,12060316
patricia2568,12060316
trolltech4460,12060408
gooddogg1,12060408
gooddogg1,12060408
gooddogg1,12060408
gooddogg1,12060408
gooddogg1,12060408
patricia2568,12060408
LenderID,12060408
lincoln4338,12060408
jan92,12060408
trolltech4460,12060412
gooddogg1,12060412
gooddogg1,12060412
gooddogg1,12060412
gooddogg1,12060412
gooddogg1,12060412
jan92,12060412
lincoln4338,12060412
LenderID,12060412
daniel9340,12060412
patricia2568,12060412
LenderID,12060416
trolltech4460,12060508
gooddogg1,12060508
gooddogg1,12060508
gooddogg1,12060508
gooddogg1,12060508
gooddogg1,12060508
LenderID,12060508
jan92,12060508
lincoln4338,12060508
patricia2568,12060508
trolltech4460,12060512
gooddogg1,12060512
gooddogg1,12060512
gooddogg1,12060512
gooddogg1,12060512
gooddogg1,12060512
LenderID,12060512
lincoln4338,12060512
jan92,12060512
patricia2568,12060512
gooddogg1,12060516
gooddogg1,12060516
gooddogg1,12060516
gooddogg1,12060516
gooddogg1,12060516
LenderID,12060516
trolltech4460,12060608
gooddogg1,12060608
gooddogg1,12060608
gooddogg1,12060608
gooddogg1,12060608
gooddogg1,12060608
patricia2568,12060608
LenderID,12060608
lincoln4338,12060608
jan92,12060608
gooddogg1,12060612
gooddogg1,12060612
gooddogg1,12060612
gooddogg1,12060612
gooddogg1,12060612
trolltech4460,12060612
patricia2568,12060612
lincoln4338,12060612
jan92,12060612
LenderID,12060612
gooddogg1,12060616
gooddogg1,12060616
gooddogg1,12060616
gooddogg1,12060616
gooddogg1,12060616
trolltech4460,12060616
jan92,12060616
lincoln4338,12060616
patricia2568,12060616
LenderID,12060616
LenderID,12060708
gooddogg1,12060712
gooddogg1,12060712
gooddogg1,12060712
gooddogg1,12060712
gooddogg1,12060712
trolltech4460,12060712
jan92,12060712
patricia2568,12060712
lincoln4338,12060712
LenderID,12060712
trolltech4460,12060716
gooddogg1,12060716
gooddogg1,12060716
gooddogg1,12060716
gooddogg1,12060716
gooddogg1,12060716
jan92,12060716
lincoln4338,12060716
patricia2568,12060716
LenderID,12060716
gooddogg1,12060808
gooddogg1,12060808
gooddogg1,12060808
gooddogg1,12060808
gooddogg1,12060808
trolltech4460,12060808
LenderID,12060808
lincoln4338,12060808
patricia2568,12060808
jan92,12060808
gooddogg1,12060812
gooddogg1,12060812
gooddogg1,12060812
gooddogg1,12060812
gooddogg1,12060812
trolltech4460,12060812
LenderID,12060812
patricia2568,12060812
lincoln4338,12060812
gooddogg1,12060816
gooddogg1,12060816
gooddogg1,12060816
gooddogg1,12060816
gooddogg1,12060816
trolltech4460,12060816
lincoln4338,12060816
patricia2568,12060816
LenderID,12060816
gooddogg1,12060908
gooddogg1,12060908
gooddogg1,12060908
gooddogg1,12060908
gooddogg1,12060908
trolltech4460,12060908
patricia2568,12060908
lincoln4338,12060908
LenderID,12060908
trolltech4460,12060912
gooddogg1,12060912
gooddogg1,12060912
gooddogg1,12060912
gooddogg1,12060912
gooddogg1,12060912
LenderID,12060912
lincoln4338,12060912
patricia2568,12060912
gooddogg1,12060916
gooddogg1,12060916
gooddogg1,12060916
gooddogg1,12060916
gooddogg1,12060916
trolltech4460,12060916
patricia2568,12060916
lincoln4338,12060916
LenderID,12060916
gooddogg1,12061008
gooddogg1,12061008
gooddogg1,12061008
gooddogg1,12061008
gooddogg1,12061008
trolltech4460,12061008
miles9,12061008
patricia2568,12061008
lincoln4338,12061008
LenderID,12061008
gooddogg1,12061012
gooddogg1,12061012
gooddogg1,12061012
gooddogg1,12061012
gooddogg1,12061012
trolltech4460,12061012
patricia2568,12061012
miles9,12061012
lincoln4338,12061012
ryan51002566,12061012
richard34881005,12061012
LenderID,12061012
gooddogg1,12061016
gooddogg1,12061016
gooddogg1,12061016
gooddogg1,12061016
gooddogg1,12061016
trolltech4460,12061016
patricia2568,12061016
LenderID,12061016
lincoln4338,12061016
miles9,12061016
trolltech4460,12061108
gooddogg1,12061108
gooddogg1,12061108
gooddogg1,12061108
gooddogg1,12061108
gooddogg1,12061108
patricia2568,12061108
lincoln4338,12061108
miles9,12061108
LenderID,12061108
gooddogg1,12061112
gooddogg1,12061112
gooddogg1,12061112
gooddogg1,12061112
gooddogg1,12061112
trolltech4460,12061112
lincoln4338,12061112
miles9,12061112
LenderID,12061112
patricia2568,12061112
trolltech4460,12061116
gooddogg1,12061116
gooddogg1,12061116
gooddogg1,12061116
gooddogg1,12061116
gooddogg1,12061116
patricia2568,12061116
LenderID,12061116
lincoln4338,12061116
trolltech4460,12061208
lincoln4338,12061208
tim7698,12061208
LenderID,12061208
gooddogg1,12061208
gooddogg1,12061208
gooddogg1,12061208
gooddogg1,12061208
gooddogg1,12061208
katsujiro1653,12061208
gooddogg1,12061212
gooddogg1,12061212
gooddogg1,12061212
gooddogg1,12061212
gooddogg1,12061212
trolltech4460,12061212
philip1814,12061212
angela8128,12061212
sandra2450,12061212
roy7254,12061212
andrew3904,12061212
anthony4960,12061212
jangoyvaerts,12061212
jessica4572,12061212
rkulla,12061212
schulz,12061212
amandine1928,12061212
bokochkakbank4688,12061212
jakewehrman,12061212
tony6479,12061212
compadres9375,12061212
andrew1705,12061212
karen26846404,12061212
raymond3883,12061212
steven8717,12061212
kim4176,12061212
marjo6372,12061212
julieatkins,12061212
fabio2262,12061212
fred8864,12061212
patrick1735,12061212
ryan8951,12061212
jo6131,12061212
john87962795,12061212
kath5983,12061212
charles8382,12061212
fredroth,12061212
jean1974,12061212
maryperpetua3129,12061212
jakob4770,12061212
karen20302737,12061212
lorraine1888,12061212
matthew8119,12061212
susan2909,12061212
alice5957,12061212
dev9684,12061212
phil7528,12061212
david5893,12061212
suzanne5247,12061212
swaitha4719,12061212
alexander5847,12061212
ryan95809287,12061212
mmlorenzo,12061212
john68669962,12061212
nileshd,12061212
douglas8995,12061212
beth9828,12061212
michelle6572,12061212
rebecca7020,12061212
WitlessVariable,12061212
amee7291,12061212
gastounet,12061212
bev8584,12061212
pieter3152,12061212
mark7648,12061212
mario6254,12061212
kim7766,12061212
maja9803,12061212
bonnie9618,12061212
rob5568,12061212
liz2908,12061212
andres4823,12061212
timhastings,12061212
gregory9523,12061212
gijey1584,12061212
melissa8071,12061212
susan47638660,12061212
jayandmona4210,12061212
james8804,12061212
kennethr6843,12061212
lisa9245,12061212
bubs2247,12061212
peo9541,12061212
jeffrey2948,12061212
joseph5818,12061212
andy42787631,12061212
michael1113,12061212
dianne3179,12061212
christopher31621674,12061212
karinhenry5411,12061212
mervi4286,12061212
lynmarie9041,12061212
linda1910,12061212
shaun1195,12061212
james2364,12061212
jonas3720,12061212
dougals1852,12061212
angela7509,12061212
justin9454,12061212
thomasandmeijian5705,12061212
cece1919,12061212
htbedlowfoundation,12061212
anita7468,12061212
allen3771,12061212
benny3251,12061212
john7421,12061212
andreas4641,12061212
dennislin,12061212
dishforum1163,12061212
bob3975,12061212
carol3892,12061212
reese4694,12061212
jhquest,12061212
weeyoung6268,12061212
gareth3204,12061212
holger7681,12061212
stephen70684840,12061212
goldseek,12061212
lindsay4984,12061212
andrea5519,12061212
mj9980,12061212
louise1987,12061212
dingyin4881,12061212
marcy4295,12061212
stefanie5335,12061212
kim9476,12061212
patricia3367,12061212
samulei,12061212
anne5911,12061212
terry7777,12061212
rachel2469,12061212
jamee6092,12061212
michael2910,12061212
john6713,12061212
johnj3962,12061212
daniel60556699,12061212
lynnandjim5137,12061212
LeahWood,12061212
conner4120,12061212
edjez,12061212
danielle3433,12061212
dennis9403,12061212
simon1973,12061212
clare6459,12061212
wes7065,12061212
keith8685,12061212
trondatle9355,12061212
emily6425,12061212
javed9382,12061212
james77546989,12061212
david6754,12061212
dalia7649,12061212
mauricio5879,12061212
fiona5750,12061212
kirk1305,12061212
john60049531,12061212
tom3288,12061212
lynn1029,12061212
sheila9766,12061212
christoffer8913,12061212
joanne4806,12061212
georger6977,12061212
atefeh9358,12061212
elise8000,12061212
barbara5610,12061212
nancy5118,12061212
bibi1873,12061212
ana6012,12061212
june7815,12061212
rhonda3960,12061212
mohammad6734,12061212
july6304,12061212
kbp7801,12061212
rachel4450,12061212
lee1028,12061212
carol8265,12061212
vera2352,12061212
micah6414,12061212
paul4716,12061212
naveen9379,12061212
kate8717,12061212
alan6667,12061212
charles5795,12061212
rob6769,12061212
carlos4944,12061212
michelle4045,12061212
christian85283016,12061212
patrick7072,12061212
kathryn1085,12061212
nicole9650,12061212
aborange,12061212
sam7499,12061212
tykjepelken,12061212
piotr5082,12061212
maryagnes3026,12061212
mona1327,12061212
goodlivingproducts,12061212
nicolas9743,12061212
jessica8980,12061212
init,12061212
nate4170,12061212
joan7263,12061212
lisa3656,12061212
robert5347,12061212
microlenders,12061212
danielle5135,12061212
roxanna2933,12061212
james2191,12061212
bill3303,12061212
ian7566,12061212
john6151,12061212
deb36262592,12061212
alexh,12061212
samuel7963,12061212
odd6248,12061212
northhamptonschool2982,12061212
uweherbert,12061212
anne1334,12061212
fishpole,12061212
thehorsegirls4048,12061212
carolyn3845,12061212
john56003624,12061212
iazzi,12061212
dirk9852,12061212
delaney4319,12061212
adam9207,12061212
richard18629759,12061212
michael65171891,12061212
emma5335,12061212
dawn4930,12061212
gregandgisela,12061212
etsuko4818,12061212
kaz7138,12061212
kelly9600,12061212
thien5916,12061212
ted2434,12061212
Jim4856,12061212
renee3089,12061212
jonah4922,12061212
jena2008,12061212
kurt2574,12061212
ellen9982,12061212
lars3725,12061212
job,12061212
angela3877,12061212
bonnie9653,12061212
kimberly9056,12061212
chris4886,12061212
jullietta3063,12061212
bryan9821,12061212
sagegoldsoaps2123,12061212
joel1960,12061212
rockinrobby5419,12061212
jay6878,12061212
joyce7133,12061212
rachel1517,12061212
betterlifebags,12061212
konstantin3125,12061212
wayne2062,12061212
celina6177,12061212
evaatje,12061212
angel2548,12061212
susan4454,12061212
jennifer54323568,12061212
bob3793,12061212
neda,12061212
mark46207645,12061212
steve7397,12061212
kari9884,12061212
alan9682,12061212
austrianvanessa,12061212
andrew4650,12061212
sally7054,12061212
kjellanker4527,12061212
kelly3783,12061212
jeff5171,12061212
hossein8811,12061212
isaac5105,12061212
stephen1838,12061212
jennifer54262133,12061212
joanne2208,12061212
paul7796,12061212
susan7335,12061212
dianne8861,12061212
nicole6241,12061212
m9797,12061212
philipsuzanne9885,12061212
alastair2640,12061212
jeffrey1929,12061212
pascal5405,12061212
linda9295,12061212
jacinda8755,12061212
hunter,12061212
traci5498,12061212
wayne9173,12061212
giovanni9427,12061212
michael3042,12061212
corey4475,12061212
robert6503,12061212
dllewellyn9263,12061212
gaelen3831,12061212
emily8040,12061212
noella8953,12061212
leeanna5093,12061212
william93536850,12061212
nick16871514,12061212
thomas2558,12061212
betsy9363,12061212
jennifer4978,12061212
marty7529,12061212
craig6584,12061212
francisco7360,12061212
shelly9916,12061212
friendsofmtsallst6762,12061212
james8370,12061212
paul4974,12061212
april1228,12061212
anita7459,12061212
leon1083,12061212
genevieve4400,12061212
ronald7339,12061212
klaus8316,12061212
shiloh5531,12061212
kimberely1222,12061212
debra8142,12061212
richard8177,12061212
erin1582,12061212
kelsey6726,12061212
nicolas7058,12061212
kenny7448,12061212
gerald1077,12061212
sandor7527,12061212
raul7008,12061212
abbas1321,12061212
mikejay,12061212
renee2947,12061212
martina7098,12061212
amber72477882,12061212
martha9858,12061212
david17429148,12061212
chanmoss,12061212
robert60014346,12061212
suraiya9041,12061212
anne2651,12061212
david6427,12061212
henry8741,12061212
mithun7017,12061212
elizabeth50649046,12061212
martinWEAREFIRST,12061212
brentanddana4243,12061212
russ6256,12061212
antoine8266,12061212
joseph7664,12061212
georgeandnancy4699,12061212
natalieandjohn4017,12061212
keri4423,12061212
valerie6502,12061212
tony9721,12061212
james35633450,12061212
heikki7122,12061212
jen37541973,12061212
amy8781,12061212
frederickc8126,12061212
cateandgreg7366,12061212
bettini4384,12061212
summer3981,12061212
linda5575,12061212
margaret5214,12061212
myrdie7726,12061212
kasey3160,12061212
thefreses,12061212
andreachristina5334,12061212
judy4642,12061212
elizabeth24242482,12061212
davebragg,12061212
thomasbesma9173,12061212
laura38521010,12061212
mike7618,12061212
lastdinero,12061212
robert1973,12061212
joan8548,12061212
jan7571,12061212
lisa57358196,12061212
megan6298,12061212
lena9048,12061212
eira2646,12061212
katleen7138,12061212
steve5048,12061212
womenfromaway4576,12061212
SirDaedalus,12061212
john88902693,12061212
kerry8101,12061212
mesa1234,12061212
eric6391,12061212
mette8125,12061212
charlesandpeggy7333,12061212
ana3270,12061212
michael81276976,12061212
paranoiatx,12061212
ram8801,12061212
barbara9772,12061212
molly5315,12061212
johnhunter,12061212
chris8115,12061212
brent6018,12061212
brian2052,12061212
rachel7475,12061212
renathe5114,12061212
troy6831,12061212
andreas3285,12061212
john6689,12061212
lee6515,12061212
maria69074528,12061212
luciano4913,12061212
thomas3772,12061212
samuel4829,12061212
guillaume1858,12061212
andy8030,12061212
bart7393,12061212
sharon7580,12061212
kathleen6088,12061212
david93393931,12061212
marian9514,12061212
lesley9600,12061212
kiahjordan,12061212
rhonda2657,12061212
julia28201293,12061212
daniel4061,12061212
batrice3943,12061212
hannah2276,12061212
jonathan2079,12061212
william8053,12061212
vffamily1624,12061212
joan4866,12061212
tobias6222,12061212
patricia73452735,12061212
danifife,12061212
jeni8940,12061212
ron1166,12061212
tom8889,12061212
julia3463,12061212
lisa2540,12061212
marie4239,12061212
jxlrdn8755,12061212
melanie8919,12061212
lori2833,12061212
deborah86196181,12061212
tina8072,12061212
stephan4002,12061212
espinoza8,12061212
jeanluc5401,12061212
komal2049,12061212
anne6875,12061212
tecladore9109,12061212
allison5468,12061212
matthew9890,12061212
sharon919,12061212
yihao7721,12061212
julliet6325,12061212
marcus9093,12061212
scottleibrand,12061212
dion6949,12061212
michelle6034,12061212
laura34589183,12061212
leah4543,12061212
leighann9091,12061212
grant7870,12061212
jim2174,12061212
brian21991591,12061212
mary65321789,12061212
hjares,12061212
stacie8731,12061212
inmemoryofjoe3085,12061212
jeanmarie8125,12061212
sandra7949,12061212
darrell3537,12061212
mengwee9251,12061212
megan3267,12061212
thomas36854179,12061212
sergio6284,12061212
ashley54681269,12061212
tara3962,12061212
rene5044,12061212
candace9361,12061212
patricia5978,12061212
peter25416648,12061212
ville8721,12061212
damin9374,12061212
florence9182,12061212
esther7455,12061212
suedeb7729,12061212
emily7668,12061212
gillian2952,12061212
jessica3619,12061212
kris49493180,12061212
carol10711685,12061212
jacob7340,12061212
peggy2169,12061212
marjoleen5822,12061212
yann8482,12061212
nathan5772,12061212
nell7880,12061212
nathan2418,12061212
thyra5163,12061212
yoshuabenrut,12061212
robert5388,12061212
joanne6897,12061212
carol4228,12061212
jrgen7743,12061212
jim4563,12061212
adam2852,12061212
pierre1708,12061212
eric9255,12061212
gregandjulie2039,12061212
nicholas7590,12061212
karen6184,12061212
danilo9969,12061212
sociology3523,12061212
giovanni5797,12061212
charlotte9428,12061212
christine1022,12061212
christine3720,12061212
steves619,12061212
kristen7401,12061212
zadok9146,12061212
susan3307,12061212
claus3652,12061212
hunter4115,12061212
alec2763,12061212
jonathan6863,12061212
NigelleDeDamas,12061212
miguelCalz,12061212
glen5346,12061212
laura4759,12061212
francisco4020,12061212
kay4605,12061212
maria2244,12061212
johan2368,12061212
rebecca8237,12061212
revmichael1601,12061212
ryan3234,12061212
bhanu1916,12061212
amna2919,12061212
Elard,12061212
anthony8495,12061212
haluk8872,12061212
toddschnack,12061212
nicholas4492,12061212
bratersapworldhi8338,12061212
tomasleyers,12061212
english9550,12061212
alberto7232,12061212
simon8195,12061212
james9061,12061212
eleanor2527,12061212
marie2831,12061212
gregb,12061212
barbara3363,12061212
jeff6796,12061212
brien9721,12061212
jill7922,12061212
patrick7112,12061212
maryanne3181,12061212
elizabeth56677769,12061212
monica9261,12061212
vivian6162,12061212
jim3051,12061212
joanie5827,12061212
miguel9956,12061212
ann5995,12061212
shelly5481,12061212
andy1028,12061212
kathleen2117,12061212
austinindallas,12061212
camille4607,12061212
tyler3486,12061212
valecll,12061212
timothy2118,12061212
susan8379,12061212
tracy1641,12061212
laurie8478,12061212
vicki1268,12061212
joe6159,12061212
natasqi,12061212
mrcrawford9098,12061212
todd1871,12061212
bob8948,12061212
patricia2568,12061212
daniel98469874,12061212
gatsby,12061212
bahram3005,12061212
nicole54969023,12061212
clorton,12061212
ingela6835,12061212
barry4051,12061212
karen1156,12061212
carlos3595,12061212
thomas7087,12061212
jimandbarbara9029,12061212
connie1939,12061212
dan6466,12061212
rossella1859,12061212
donna29703242,12061212
nedialka7779,12061212
gerald3146,12061212
scott1039,12061212
daneil9974,12061212
esther4397,12061212
eric2972,12061212
christian7069,12061212
david3629,12061212
deborah6615,12061212
richard4712,12061212
derek3305,12061212
mark88996729,12061212
stephanie4490,12061212
adam2148,12061212
margaret3334,12061212
lauri3175,12061212
eric8981,12061212
strictlysheep9833,12061212
kim9000,12061212
ian20441696,12061212
alison3562,12061212
brian83904293,12061212
margaret6625,12061212
jared8025,12061212
kelli9931,12061212
margot1854,12061212
rebecca9786,12061212
fiona3780,12061212
jing8961,12061212
akosa3121,12061212
kevin5545,12061212
markus7390,12061212
edward7233,12061212
robin1504,12061212
milksheikh,12061212
linda58812194,12061212
tiina8348,12061212
zachary6496,12061212
sandra5886,12061212
norm4866,12061212
constantine4352,12061212
wayne5122,12061212
kimgm2360,12061212
nancy3207,12061212
tina49639290,12061212
dreadpiratederson,12061212
greisman5360,12061212
kevin2708,12061212
david66526988,12061212
john7526,12061212
mic7415,12061212
amy8597,12061212
pete8045,12061212
thechurchills9012,12061212
joan8107,12061212
himandher,12061212
michael2665,12061212
becca9808,12061212
dominika8074,12061212
mark3823,12061212
darryl4005,12061212
gerard6210,12061212
carrie7330,12061212
david7547,12061212
kym5530,12061212
bill5956,12061212
rose4523,12061212
declynliamandkameron3563,12061212
susan8660,12061212
gabriel3050,12061212
daniel5112,12061212
Warpy,12061212
helena2395,12061212
brookellen6934,12061212
merlyn,12061212
robert3730,12061212
henry3199,12061212
daniel15213612,12061212
damienb,12061212
andrewandchristine6047,12061212
gio8716,12061212
claudia3198,12061212
ruth5813,12061212
sebastian7902,12061212
brandon70579109,12061212
glen2698,12061212
gemma1083,12061212
bankofbrent,12061212
mark3556,12061212
mary9531,12061212
brigitte1854,12061212
holstee,12061212
wenche8275,12061212
CongoBongo7397,12061212
michelle4277,12061212
anna6950,12061212
carolinealexa5997,12061212
casarayon,12061212
juanpedro1872,12061212
lauriann7918,12061212
elizabeth3109,12061212
jerry2991,12061212
ali9555,12061212
ximena1464,12061212
bill5102,12061212
ernest2782,12061212
rosemary7092,12061212
john54489812,12061212
jonathan8947,12061212
carolyn6217,12061212
wshsdeca3151,12061212
stevie2696,12061212
Berry5964,12061212
lee8824,12061212
john3152,12061212
jody2547,12061212
ojas,12061212
jaccovanderpol,12061212
benoit7292,12061212
janette8282,12061212
kevin5660,12061212
donnal2390,12061212
kimberly37715080,12061212
sean4991,12061212
sara6175,12061212
rupert8707,12061212
ian3251,12061212
sile2579,12061212
anna1678,12061212
david5298,12061212
meg5909,12061212
don6170,12061212
sonja3044,12061212
jan8487,12061212
remberto3264,12061212
daniel1423,12061212
marianne6335,12061212
wade3930,12061212
rayswchiu,12061212
james2742,12061212
luk8461,12061212
wolfgang2388,12061212
jeff2330,12061212
eldon4651,12061212
rm7728,12061212
feisal6896,12061212
vincent2101,12061212
ilana4036,12061212
carol52489353,12061212
jean62869692,12061212
sante5314,12061212
numair1382,12061212
chikako6080,12061212
cherise3060,12061212
wisser,12061212
janine6522,12061212
peter4043,12061212
uttam3144,12061212
joubinandvahishta,12061212
stephen8950,12061212
simplelendingsolutions,12061212
carrie2569,12061212
magdalena8064,12061212
gerla8361,12061212
michelle93738378,12061212
rebecca26656679,12061212
meridith7690,12061212
john7446,12061212
helen2785,12061212
LenderID,12061212
melissa9108,12061212
USIMicroFinanceFund,12061212
leah1874,12061212
david14066963,12061212
michael14598672,12061212
mary33112264,12061212
michael77354542,12061212
jenswatches,12061212
lucille1549,12061212
richard4068,12061212
giles5434,12061212
dan2607,12061212
jennifer62868413,12061212
sandra9494,12061212
jennifer95908857,12061212
mackenzie5298,12061212
yasu8049,12061212
richard5136,12061212
tlegit,12061212
louise7635,12061212
mg6010,12061212
moeka1998,12061212
marcavram1429,12061212
wcj1,12061212
jonathan5106,12061212
nancy1403,12061212
teresa3414,12061212
marlee1311,12061212
louise1800,12061212
julien8044,12061212
polly7666,12061212
jukkapekka6897,12061212
david4321,12061212
richard6473,12061212
roberta8630,12061212
luispedro,12061212
tim2725,12061212
anne8308,12061212
janelle4011,12061212
john4644,12061212
mathieu1921,12061212
leslie2929,12061212
kathy5871,12061212
john9451,12061212
heikki4672,12061212
easternimpact,12061212
qanta7927,12061212
ray6554,12061212
tonya1547,12061212
harje595,12061212
wolfgang3771,12061212
van2995,12061212
sandra4330,12061212
lte,12061212
marlene5176,12061212
vee9033,12061212
constanceandjean1694,12061212
bryn6611,12061212
jan48456389,12061212
jim9822,12061212
sam5786,12061212
joy9652,12061212
anastasia5726,12061212
catherine1627,12061212
ashtaylor,12061212
michael37351993,12061212
lori5161,12061212
karen1505,12061212
peter7496,12061212
socialjustice2217,12061212
tetsuya8944,12061212
bradly1029,12061212
AussieDingo1983,12061212
carlos4244,12061212
azonandanthony6788,12061212
antti7419,12061212
gagan1743,12061212
janice5833,12061212
eric3477,12061212
jeannine6851,12061212
katie5734,12061212
liz3942,12061212
james97925969,12061212
tegan2098,12061212
margot4249,12061212
linda4373,12061212
rajiv7898,12061212
pamandallen,12061212
keyvan8871,12061212
evelien6627,12061212
gordon9356,12061212
floflo,12061212
marshall4777,12061212
erika1948,12061212
brett5260,12061212
vicki6272,12061212
rachel5771,12061212
janelle7530,12061212
tess4829,12061212
nola2316,12061212
janice1183,12061212
olga8548,12061212
gb9735,12061212
linda76367138,12061212
simo4855,12061212
amber4179,12061212
leslie6055,12061212
kristin4409,12061212
jp8137,12061212
sandy8691,12061212
bernd9707,12061212
lori1770,12061212
eric4195,12061212
rosamond5563,12061212
perpetua4653,12061212
john6574,12061212
matthew49568657,12061212
caron5139,12061212
kiara5428,12061212
david9199,12061212
randon4303,12061212
kristiaan6907,12061212
genaro7370,12061212
phil2035,12061212
graham4871,12061212
bizbuilder,12061212
cynthia2647,12061212
marian4716,12061212
lisa44321608,12061212
jacolyne8560,12061212
real9147,12061212
david40597250,12061212
sarah22632426,12061212
jeri9448,12061212
zbicyclist,12061212
chris3147,12061212
cdf,12061212
anthony9274,12061212
kimberly6783,12061212
christabel3195,12061212
julia2194,12061212
randhill7139,12061212
nicole4959,12061212
raymond9026,12061212
ali4439,12061212
todd3538,12061212
bryan8278,12061212
lawrence91282845,12061212
farmallcub,12061212
beth4931,12061212
solsticebahamas,12061212
linda1656,12061212
nozomu3732,12061212
7jvhxx2620,12061212
sascha2687,12061212
tom5559,12061212
jeremiah9947,12061212
armando1350,12061212
daniel3165,12061212
liz19219469,12061212
natalie4512,12061212
patricia80983324,12061212
aaron1142,12061212
dorian3932,12061212
nicolas9538,12061212
olarynge,12061212
kenta,12061212
anne9579,12061212
lori8238,12061212
janwillem8341,12061212
henrik4823,12061212
igor1253,12061212
donna4411,12061212
justin9618,12061212
KALLISTI,12061212
sean3085,12061212
judy7365,12061212
geirolav7754,12061212
andreas9110,12061212
tullio8711,12061212
beth3168,12061212
susan17351721,12061212
marjo1748,12061212
kambiz1070,12061212
Brendan3630,12061212
vegetronix,12061212
kathryn8733,12061212
jeff11933539,12061212
mike3302,12061212
etienneh,12061212
richard13834942,12061212
edward48854003,12061212
mark7842,12061212
nateandtherese,12061212
cactusguy3357,12061212
kathleen33302201,12061212
jamie9544,12061212
martial2288,12061212
manuela6450,12061212
azinm,12061212
judith1657,12061212
stephanie8011,12061212
kathy2457,12061212
sustainablebliss,12061212
tracey5287,12061212
paskwa6898,12061212
rudi8195,12061212
neil9015,12061212
adrian1669,12061212
alice5672,12061212
harryandjackie6852,12061212
susan7221,12061212
jeff43303475,12061212
jessica4494,12061212
gunnar4665,12061212
maryana3992,12061212
kathryn7731,12061212
carrick6710,12061212
mark1749,12061212
delynne8634,12061212
mike77891133,12061212
barbara9401,12061212
aaron5900,12061212
mark1580,12061212
davidpriddy,12061212
davelevine,12061212
michael65882683,12061212
diane7431,12061212
karen7158,12061212
paulo7677,12061212
olga7089,12061212
elizabeth8946,12061212
carol8389,12061212
david7610,12061212
alan2133,12061212
acanthusadvisers4015,12061212
yasmine4454,12061212
martina3107,12061212
molly8249,12061212
sara5638,12061212
jeanine5316,12061212
wade5845,12061212
melodi7858,12061212
smallpotatoes,12061212
marcin5351,12061212
rebecca34493036,12061212
timandkay6002,12061212
barbara8342,12061212
bwb,12061212
robert3725,12061212
jeffery3602,12061212
catherine45263569,12061212
william7215,12061212
allan1682,12061212
ronandbarb5068,12061212
hasmik5954,12061212
caroline2123,12061212
brian93578625,12061212
rachael2183,12061212
ryan54597608,12061212
marye3258,12061212
akio8135,12061212
carlo8283,12061212
kerstin6585,12061212
shirley2143,12061212
kevin7763,12061212
florianjuliafranzisk6164,12061212
joan3958,12061212
renie7965,12061212
jane7902,12061212
louise2001,12061212
kaitlyn9174,12061212
darrin9514,12061212
tim8380,12061212
kim4736,12061212
rita3814,12061212
josemaria7266,12061212
monikdoshi,12061212
linda2729,12061212
david3181,12061212
joanne2916,12061212
darrell7686,12061212
william64002129,12061212
linda6774,12061212
alta2822,12061212
robert3194,12061212
erin1210,12061212
haley6235,12061212
penny2119,12061212
andrew52611480,12061212
xavier1439,12061212
romana6335,12061212
jameswhong,12061212
kevin7605,12061212
elliott2302,12061212
charles9754,12061212
hong7591,12061212
craig5030,12061212
ulrike6412,12061212
paul9529,12061212
elizabeth54402533,12061212
david7542,12061212
dan6767,12061212
jim71957007,12061212
doreen3210,12061212
dave7391,12061212
don9212,12061212
aubri4804,12061212
blanche1942,12061212
ignatius5772,12061212
patrick17767778,12061212
daniel5320,12061212
ajay8843,12061212
keir6541,12061212
william5848,12061212
rmachado,12061212
kelly2475,12061212
dee3423,12061212
juha5402,12061212
elisabethandmartin9453,12061212
michael2744,12061212
justin3967,12061212
lorraine9873,12061212
sheri4059,12061212
merete7815,12061212
renate6906,12061212
patrick4781,12061212
hilda8391,12061212
connie9524,12061212
christopher5175,12061212
brian7634,12061212
karenannandmark6917,12061212
scott2745,12061212
joshua5938,12061212
annette58173824,12061212
hiroshi5831,12061212
kyle2592,12061212
darryl8807,12061212
frederik2020,12061212
james33089638,12061212
martin1823,12061212
smove,12061212
toka,12061212
louise9720,12061212
christine58203757,12061212
dennis6652,12061212
anjayves,12061212
alexis5858,12061212
lukasz4419,12061212
alexi3265,12061212
michelle6793,12061212
amie6490,12061212
gregori5634,12061212
sue5965,12061212
karen8227,12061212
luis7466,12061212
chris7051,12061212
margaret5669,12061212
jack5050,12061212
gloria4958,12061212
robert42732524,12061212
john21897155,12061212
raymond8094,12061212
tony5125,12061212
nancy5481,12061212
jason6668,12061212
chuanpow9262,12061212
duane9513,12061212
fieneke1512,12061212
patrick9250,12061212
sharon8759,12061212
marshaandmichael8475,12061212
cheryl52524958,12061212
suzi2094,12061212
miriam3058,12061212
kathy3040,12061212
janyne7347,12061212
mark4800,12061212
originalcongregatio8625,12061212
phantaztic,12061212
mary2572,12061212
rebecca4887,12061212
rob8096,12061212
thomas7527,12061212
jj4491,12061212
mary4920,12061212
pat7527,12061212
chris3046,12061212
patricia8053,12061212
mark30848317,12061212
johnmichael6823,12061212
alanirosita,12061212
patricia9208,12061212
yvonne2055,12061212
ross9370,12061212
michael86918867,12061212
matthew6139,12061212
earthkwaque,12061212
voodooray,12061212
sheila6508,12061212
emma2295,12061212
chris7386,12061212
brenda8547,12061212
thomas3791,12061212
livingwords1598,12061212
brandonn,12061212
pierreetisabelle9398,12061212
columnex,12061212
alan9173,12061212
stephen1168,12061212
nora4460,12061212
benpeake,12061212
heather3658,12061212
damienlynch76,12061212
david60819550,12061212
amy1719,12061212
jason7533,12061212
kees7683,12061212
laplink1757,12061212
holly5098,12061212
guy2860,12061212
peter13933565,12061212
graham4525,12061212
chloe8951,12061212
carlos7986,12061212
jack2063,12061212
donna8365,12061212
eldon9470,12061212
afzal,12061212
david4432,12061212
fastcuts8124,12061212
ivan2201,12061212
kam9749,12061212
anna8373,12061212
david1936,12061212
matilda3082,12061212
melissa11814537,12061212
sue2216,12061212
edye2904,12061212
liane1182,12061212
shanna2833,12061212
exvestment,12061212
david26038537,12061212
lorenza9660,12061212
martin9754,12061212
bill8422,12061212
bookwormservice,12061212
robert7615,12061212
steve3139,12061212
nccfinance5884,12061212
andrew7872,12061212
cristiano4533,12061212
matt4957,12061212
mahvish73,12061212
patricia2502,12061212
niklas2673,12061212
laurent5974,12061212
michaelandchhaya9750,12061212
justin5588,12061212
paul7216,12061212
becky9405,12061212
jonatan5971,12061212
john1163,12061212
debbie2061,12061212
takeshi6129,12061212
tracyloans,12061212
bees630,12061212
cpaleadtroy,12061212
tiina,12061212
janbilly2329,12061212
lavonne9552,12061212
ralph2106,12061212
patricia7723,12061212
carmenandmichelle2228,12061212
stephen8628,12061212
andrew3899,12061212
chrisdn,12061212
christian3504,12061212
anne5912,12061212
james2222,12061212
cherylcollett8087,12061212
fadel8578,12061212
alessandro8279,12061212
kevin6184,12061212
brandy2632,12061212
evan1952,12061212
delsa7805,12061212
leland8232,12061212
rafael1984,12061212
saskia8305,12061212
andibob5337,12061212
felipe5056,12061212
frank3202,12061212
david8086,12061212
randy6968,12061212
anna8499,12061212
goran9187,12061212
bernardino7691,12061212
jim68906581,12061212
edward3941,12061212
johan34995099,12061212
kate6699,12061212
zitoune,12061212
heike2280,12061212
arjenbriene,12061212
narges2708,12061212
anna3959,12061212
cynthia7664,12061212
zoe3097,12061212
jeremy3283,12061212
rainbowtrail7823,12061212
antoine2183,12061212
jenny9139,12061212
felix1796,12061212
glyn9921,12061212
bryan5489,12061212
amelia9675,12061212
roger9132,12061212
nickandpeggy7089,12061212
witold6144,12061212
beverlyfulton3833,12061212
jason5878,12061212
gabe8585,12061212
sam018,12061212
barbara31802380,12061212
ilsa2023,12061212
allan5662,12061212
steve5189,12061212
daniel6340,12061212
koos6300,12061212
lolobot,12061212
barbara2858,12061212
john71681788,12061212
joinfite3429,12061212
lewis9474,12061212
senseofadventure,12061212
kunihiko1636,12061212
laura8799,12061212
mary45251117,12061212
madeline4219,12061212
tom1045,12061212
alison3637,12061212
bill6303,12061212
oliver3171,12061212
christine1371,12061212
angie9127,12061212
david58812738,12061212
davidmichael3465,12061212
amanda4104,12061212
jessica,12061212
krishna7213,12061212
julie4669,12061212
suzanne40088601,12061212
daniel9048,12061212
justin6021,12061212
edavid8352,12061212
alan5513,12061212
susan50446624,12061212
ronald2183,12061212
chris3648,12061212
peter9372,12061212
perkristian8128,12061212
kevin1437,12061212
rebecca7386,12061212
kastlemills,12061212
cameron3619,12061212
nancy8874,12061212
sarah3128,12061212
julia1970,12061212
scottleaf,12061212
adeline5458,12061212
roemer,12061212
jr9369,12061212
darby6851,12061212
tim3125,12061212
honorah6469,12061212
christopher2945,12061212
aravindan7153,12061212
derrickleong,12061212
james3311,12061212
davidberkowitz,12061212
maryrita3118,12061212
michael56242265,12061212
virginia5484,12061212
danaandgary7121,12061212
amy5311,12061212
robert5197,12061212
catherine5605,12061212
samjones,12061212
stephen1805,12061212
jamesandjeanette5424,12061212
charlotte3408,12061212
jeff8181,12061212
cedric9115,12061212
artur6344,12061212
helen4682,12061212
jonathan4972,12061212
jeffrey3914,12061212
gabriel1739,12061212
audrey5783,12061212
tonny9697,12061212
william3197,12061212
herbert9283,12061212
johanna5086,12061212
monika3028,12061212
taylor4839,12061212
anne6037,12061212
michael2849,12061212
daniel9677,12061212
turan4920,12061212
stefan7954,12061212
shelleyeric1187,12061212
tammy36549138,12061212
cassi7816,12061212
jan5172,12061212
richard8677,12061212
wayne2972,12061212
gil,12061212
jim5307,12061212
luis6394,12061212
todd8457,12061212
knox1918,12061212
joe8555,12061212
cliff5114,12061212
sveinerik5832,12061212
marko8841,12061212
alison5466,12061212
randy2680,12061212
ckowyong,12061212
david1935,12061212
valandderek2847,12061212
janeyrob3939,12061212
maxene9332,12061212
victor3802,12061212
darleen4626,12061212
starmegado2009,12061212
luis4066,12061212
robert4018,12061212
chloe4757,12061212
kate2029,12061212
zoltan4054,12061212
victor8734,12061212
michele5535,12061212
LauFamily,12061212
tess7487,12061212
runa9661,12061212
robert94184252,12061212
anthony6598,12061212
patrick1488,12061212
doris6256,12061212
sheree6239,12061212
elizabeth6226,12061212
vivek1429,12061212
annemiek9968,12061212
kay8097,12061212
nicki5475,12061212
emanuela5168,12061212
carol5402,12061212
jodi2710,12061212
susanneundroland6307,12061212
dee4790,12061212
ben2893,12061212
shaun7251,12061212
gavin5133,12061212
michelle95286511,12061212
marylinandrich9067,12061212
david8314,12061212
nancy3939,12061212
jacob8243,12061212
pomerleaus,12061212
sharon25109948,12061212
james88427060,12061212
beaglesavvy,12061212
susan7919,12061212
peba,12061212
jennifer7669,12061212
cathy6430,12061212
alex6630,12061212
jabari4081,12061212
ben6476,12061212
irene1035,12061212
mattlipscomb,12061212
carrie8684,12061212
werner1996,12061212
gail86182944,12061212
FrequentMiler,12061212
garyk,12061212
copperfalls,12061212
lisa2227,12061212
wendy9627,12061212
linda5589,12061212
rene8328,12061212
pamela7972,12061212
simon9031,12061212
william30687423,12061212
arlene7660,12061212
brian5281,12061212
ilonka4599,12061212
andreaandjim8837,12061212
elaine9598,12061212
pilotstephen,12061212
daniel3680,12061212
martin5592,12061212
philipedmunds,12061212
sue6379,12061212
laurin,12061212
denis6461,12061212
rebecca5768,12061212
amandabob8316,12061212
teresaandrick,12061212
laura2637,12061212
jack15568332,12061212
john8723,12061212
melissa23664424,12061212
pascal5229,12061212
david3813,12061212
brian4078,12061212
kerry4093,12061212
sheila1033,12061212
sue4796,12061212
walterzelaya,12061212
michaela9851,12061212
judy1084,12061212
bob5670,12061212
olivier5391,12061212
michelle2438,12061212
jesse7042,12061212
gour8055,12061212
jenny9114,12061212
randy8722,12061212
judith2130,12061212
veronica3386,12061212
margaret5621,12061212
riley7932,12061212
peter6333,12061212
eric9174,12061212
jessica4708,12061212
brenna2118,12061212
paul2625,12061212
parker206,12061212
amber9215,12061212
lisa59618732,12061212
felix9212,12061212
dycjb3557,12061212
don2055,12061212
krista9689,12061212
florian5608,12061212
jeanene5460,12061212
bill2808,12061212
shawna4094,12061212
daniel1571,12061212
diana4594,12061212
elinjohanna2305,12061212
greg6728,12061212
melissaandbuzz6671,12061212
andrea1476,12061212
greg7390,12061212
peter99657932,12061212
helen7635,12061212
jenny3959,12061212
sonia3395,12061212
andrew99048021,12061212
jeanne5650,12061212
roko7908,12061212
keaton6900,12061212
andrew9896,12061212
doug5540,12061212
ali2173,12061212
josef3831,12061212
heidi8234,12061212
chamsi,12061212
robyn1905,12061212
naramata6767,12061212
noreen5900,12061212
ana88616289,12061212
maja6715,12061212
dharane,12061212
ann2324,12061212
tucker8530,12061212
lukas7347,12061212
cathy5306,12061212
john89205600,12061212
jason5876,12061212
sara25306011,12061212
keithanddorothy1088,12061212
norm6916,12061212
idan5483,12061212
leslee2650,12061212
tattooedbanker,12061212
fatima9020,12061212
mar8742,12061212
asaf2906,12061212
matt2539,12061212
ben9244,12061212
katie3589,12061212
brooke2945,12061212
lisa4691,12061212
gerard3174,12061212
steve9876,12061212
bob5564,12061212
bob4804,12061212
stephen5586,12061212
endlessmk,12061212
lisa5288,12061212
joakim9870,12061212
damien7265,12061212
karen6095,12061212
david2259,12061212
sandra2050,12061212
matt3859,12061212
codyandjessica5495,12061212
simon7324,12061212
josep7935,12061212
dylan1937,12061212
will6182,12061212
umdiewelt,12061212
jack2614,12061212
anthony7369,12061212
james97888820,12061212
anna1005,12061212
littleblackcoffee3642,12061212
glenys5456,12061212
alejandro1797,12061212
becky6578,12061212
jodi6645,12061212
daverogers,12061212
michael82651149,12061212
giancarlo5136,12061212
alex86917756,12061212
ramona4143,12061212
georgeandjanice7206,12061212
dale9774,12061212
gideonNL,12061212
tanner1782,12061212
miranda8574,12061212
authorized8147,12061212
0819212,12061212
randy7220,12061212
vincent9233,12061212
bethany7354,12061212
anika1436,12061212
maureen5748,12061212
rick4774,12061212
annie1333,12061212
bukuyafamily,12061212
andrewfawcett93,12061212
lorena9075,12061212
melissaandjesse9434,12061212
marilyn5760,12061212
lowell1646,12061212
sylvi8893,12061212
kelley2636,12061212
jodi3132,12061212
kivanewyork,12061212
mike33372611,12061212
rosemarie3853,12061212
Estella0211,12061212
srenchr1931,12061212
pawprint,12061212
rhamespanol3179,12061212
kirtapatrik,12061212
lumina1595,12061212
orbiter104,12061212
belinda1047,12061212
frank2493,12061212
asif5765,12061212
heather9293,12061212
elisabeth5269,12061212
anita67423544,12061212
gayle4430,12061212
mina2656,12061212
beth74856659,12061212
michael26877769,12061212
david3816,12061212
andrew4204,12061212
dave9963,12061212
maeveandcristian,12061212
kim8149,12061212
franida5097,12061212
scott7741,12061212
ruth9426,12061212
mary6236,12061212
matt8690,12061212
espen2269,12061212
sunil8930,12061212
patricia1706,12061212
maria3092,12061212
michael4584,12061212
sean5481,12061212
mark41729791,12061212
roger1993,12061212
gh02038,12061212
lee8302,12061212
bruce51325903,12061212
gerrit1493,12061212
GraGra,12061212
matthew5501,12061212
larry3828,12061212
eric2745,12061212
badr9839,12061212
charlabruton4847,12061212
genevieve2540,12061212
david2532,12061212
brian8745,12061212
annie5542,12061212
deena1946,12061212
joe2128,12061212
jameswong,12061212
lincoln4338,12061212
gregor4451,12061212
kendallpb,12061212
maryanne3170,12061212
heidi1228,12061212
bill7460,12061212
keith5371,12061212
giovanna8096,12061212
berliner,12061212
patrick6279,12061212
jimjams,12061212
david1381,12061212
monroe7724,12061212
scott3565,12061212
andrew10128767,12061212
evan5849,12061212
benjamin5935,12061212
neoceramsa3557,12061212
elias4039,12061212
randy9259,12061212
seann4299,12061212
paul6421,12061212
laurie9158,12061212
bodhi5929,12061212
paul7398,12061212
leslie3569,12061212
beth6696,12061212
iwan2997,12061212
charlee7739,12061212
nick8194,12061212
richard50401,12061212
marielouise4702,12061212
stevia1510,12061212
charles9082,12061212
troy7780,12061212
ron4762,12061212
joanna6119,12061212
abu8549,12061212
karin9559,12061212
sarah1360,12061212
uli2195,12061212
beguene,12061212
diana5772,12061212
alex9636,12061212
julia1616,12061212
emily1727,12061212
dorothy7746,12061212
eranbarak,12061212
kimberly7775,12061212
kim8986,12061212
oscar2914,12061212
vera7881,12061212
joan7975,12061212
nina3238,12061212
kathryn2416,12061212
dwight7482,12061212
sean8525,12061212
nathan2828,12061212
nicholas3152,12061212
jan43916062,12061212
susan4737,12061212
leanne2510,12061212
john7935,12061212
hoang2998,12061212
matthew5322,12061212
matt1987,12061212
jack7585,12061212
elizabeth12409778,12061212
vanessa5284,12061212
edward5815,12061212
delano9373,12061212
roman4571,12061212
samantha5447,12061212
gaspard9862,12061212
ivor7000,12061212
david66569723,12061212
donald6574,12061212
lisa6531,12061212
michael31145026,12061212
korbi6126,12061212
jan4960,12061212
coomeraanglicancolle7353,12061212
saveriomiroddi,12061212
patricia7948,12061212
robert1109,12061212
michele8391,12061212
leslie89599429,12061212
frgdr,12061212
rich6705,12061212
susan4127,12061212
robert8766,12061212
marco9156,12061212
mary6946,12061212
maryanneandwilfried7370,12061212
begtin9689,12061212
thestevensfamily1877,12061212
lysalee6091,12061212
mizuki4356,12061212
michelle5078,12061212
craig9075,12061212
milepointmutualfund2506,12061212
glenstorey,12061212
don5507,12061212
kyle92632777,12061212
paul2470,12061212
angela97997959,12061212
rebecca1659,12061212
katarina7606,12061212
lynne329,12061212
kay22028874,12061212
roland2980,12061212
becky2341,12061212
tim6087,12061212
croutreachprogram,12061212
leif9873,12061212
nathan9392,12061212
lawrence6691,12061212
linda4721,12061212
austinbarba,12061212
marian80352781,12061212
dolores2610,12061212
sandytaiwan,12061212
lloyd888Elzo,12061212
adelebarlow,12061212
evelyn72597353,12061212
fredrik3474,12061212
anders3089,12061212
adriana8653,12061212
matt7689,12061212
paul5273,12061212
toni8264,12061212
mike46846186,12061212
michael54333673,12061212
david6614,12061212
stephen4216,12061212
thomas2189,12061212
susan85761730,12061212
scott1038,12061212
eva9900,12061212
midlandhighChemics,12061212
orten,12061212
jacqueline5680,12061212
kaspars8777,12061212
evan2749,12061212
bill92626941,12061212
lizaroo,12061212
noah4387,12061212
george9517,12061212
rivergrrl,12061212
gretagaleazzi,12061212
preducts,12061212
rachel8955,12061212
georgette8841,12061212
megan9898,12061212
mahmood6116,12061212
livingif,12061212
diane7867,12061212
ylva3139,12061212
stian5736,12061212
alexanderbettina8408,12061212
hendrik6502,12061212
alex9345,12061212
david6717,12061212
kate4058,12061212
matthew87809038,12061212
ronald3570,12061212
liz5990,12061212
shane7792,12061212
gillian6126,12061212
bradley4617,12061212
lauriepaul7358,12061212
leigh9749,12061212
merbo7219,12061212
stgenevievehighs7089,12061212
rodandjoanie7408,12061212
austin2158,12061212
crilla,12061212
michael70073225,12061212
jai8910,12061212
duane6139,12061212
fxmendoza,12061212
jocelyn5866,12061212
familylaw5408,12061212
Y3424,12061212
leo1635,12061212
jane5219,12061212
terry2519,12061212
synthia9574,12061212
joseph94945005,12061212
randall5592,12061212
elle2553,12061212
robyn3024,12061212
michael7895,12061212
ramzi1441,12061212
thomas19846745,12061212
stockmarketeye,12061212
callum5680,12061212
gregoryandanita1333,12061212
lindsay12309991,12061212
marjaana9725,12061212
jim7290,12061212
deb8244,12061212
beth9542,12061212
alexander7779,12061212
sutcivni,12061212
ama8038,12061212
mountcurriecoffee,12061212
akawesley,12061212
edith6907,12061212
jay8905,12061212
abbashu,12061212
yeuankuenlee,12061212
adam73092556,12061212
mana4964,12061212
betty9628,12061212
david6820,12061212
alex6188,12061212
charlotte9931,12061212
robert4733,12061212
carleen1421,12061212
charlottegregory6602,12061212
patrick3351,12061212
ursula4710,12061212
lora7276,12061212
ramona5141,12061212
tom7497,12061212
cyrus4443,12061212
markus4455,12061212
rick5973,12061212
labros2919,12061212
hilbert7334,12061212
tommi1405,12061212
hana6325,12061212
dornaandkeith1561,12061212
nicole4987,12061212
blair1348,12061212
carson8388,12061212
bill37629649,12061212
kia5930,12061212
masayoshi7627,12061212
janell3647,12061212
jan7474,12061212
paula2905,12061212
thomas2793,12061212
denise4084,12061212
marcello5663,12061212
andrew14275045,12061212
mike9302,12061212
lars5558,12061212
ruslan1579,12061212
james5943,12061212
jim5045,12061212
carol8478,12061212
rebecca6669,12061212
simonandkaty2856,12061212
peter6378,12061212
neal4326,12061212
marilyn8574,12061212
leosona9677,12061212
chris2000,12061212
attie7217,12061212
christopher9302,12061212
dimitry5642,12061212
lone7638,12061212
gary6063,12061212
kimberlyjo6770,12061212
tammy9244,12061212
tamara73446578,12061212
matt5385,12061212
jpenedo,12061212
bryce52306,12061212
alexandra1375,12061212
tanya7531,12061212
NINetherlands,12061212
cyrill6433,12061212
john27441356,12061212
leah2645,12061212
evelina3742,12061212
kathy2298,12061212
enrique7442,12061212
matthew70019716,12061212
kent1626,12061212
olollo,12061212
charles2097,12061212
frederic4285,12061212
arsalan6534,12061212
andrea3901,12061212
mark13,12061212
matt8375,12061212
jahardman,12061212
paula4788,12061212
daria6755,12061212
lara3827,12061212
marhya6368,12061212
mark2573,12061212
mark4737,12061212
einargylfi4288,12061212
seamuis,12061212
michelle9810,12061212
jaycassandra7756,12061212
lex8283,12061212
scarlett2091,12061212
shane1523,12061212
matthias3423,12061212
megan2543,12061212
tanya9287,12061212
simon2629,12061212
beverly99869059,12061212
nate5869,12061212
heather6459,12061212
kylebg,12061212
george7891,12061212
christina5140,12061212
bethany8990,12061212
jon6278,12061212
wayne1890,12061212
natasja7107,12061212
fundao3249,12061212
peter4628,12061212
alexnjoyce,12061212
bob8253,12061212
barbara96736433,12061212
harnold3643,12061212
philandkathleen2392,12061212
michael1303,12061212
lynne1723,12061212
heike2491,12061212
stanandcarol1960,12061212
steve80313659,12061212
eugchan,12061212
chitra6096,12061212
charlie4125,12061212
danny6470,12061212
mike6788,12061212
erik32276499,12061212
joanne2232,12061212
elizanda7502,12061212
j2057,12061212
marti4623,12061212
jaben8156,12061212
orna9491,12061212
richard11829167,12061212
carol68596470,12061212
jim93147701,12061212
eric8739,12061212
rsh7150,12061212
daniel8759,12061212
rainer9476,12061212
james3157,12061212
janice7247,12061212
bill7202,12061212
sa1110,12061212
jessie44856382,12061212
chrisbecky5102,12061212
peter82141920,12061212
musara875373,12061212
megsam5899,12061212
karen5293,12061212
angela5604,12061212
anjulie9313,12061212
sascha8271,12061212
ken7590,12061212
jonasOnKiva,12061212
steve3575,12061212
jenna2553,12061212
rachel1847,12061212
rhonda43311572,12061212
james7150,12061212
simon5862,12061212
monaandrandy9000,12061212
anna1329,12061212
patti8773,12061212
sherri2545,12061212
john37481062,12061212
josemanuel4015,12061212
klas6098,12061212
wfrymann,12061212
sabrina9832,12061212
robin84624999,12061212
irene4181,12061212
vinicio3935,12061212
anthony5914,12061212
andre6084,12061212
jesus8580,12061212
betty6199,12061212
tyler2531,12061212
dick3396,12061212
adriaan1537,12061212
achieve8042,12061212
yune2048,12061212
dave3574,12061212
gus8853,12061212
irinaandjoakim7010,12061212
denise1115,12061212
john92807126,12061212
bill8848,12061212
charles8776,12061212
rob6175,12061212
mmextraordinaire,12061212
oldpeople,12061212
rich9591,12061212
jordan6029,12061212
james96677159,12061212
tine7330,12061212
susan6203,12061212
jessamyne,12061212
ingrid9941,12061212
steveandmarjorie9006,12061212
annabella2175,12061212
debra57374165,12061212
craig9459,12061212
ludra1302,12061212
erika7780,12061212
emma6745,12061212
john3394,12061212
matt,12061212
judi9734,12061212
greg6707,12061212
barry8069,12061212
mike4372,12061212
melissa9937,12061212
giovanna5267,12061212
jennifer7850,12061212
rosauroem,12061212
roger7275,12061212
anders9256,12061212
howard2401,12061212
ignacio7236,12061212
sanna5526,12061212
velipekka9077,12061212
carlijn8325,12061212
csg5471,12061212
ted9859,12061212
sabrina8034,12061212
ayse4546,12061212
gary7841,12061212
parviz6433,12061212
emma9449,12061212
chris44091910,12061212
herbandconnie8082,12061212
robert23021481,12061212
piotr9069,12061212
maria7751,12061212
rune4176,12061212
lilian2891,12061212
paramjit7142,12061212
kevin5824,12061212
timothy7790,12061212
claire6923,12061212
ray82688732,12061212
stefan5428,12061212
jacob9748,12061212
arieenineke4749,12061212
kelly44777117,12061212
dennis1148,12061212
walter24477500,12061212
john4811,12061212
david7149,12061212
jessica4828,12061212
stefan6597,12061212
nigel8371,12061212
judith4841,12061212
betty95301705,12061212
will8174,12061212
morganstanleypif,12061212
judy4339,12061212
sean1800,12061212
james2494,12061212
rob4784,12061212
susan66817377,12061212
dale1401,12061212
dan8301,12061212
nadine7360,12061212
sally2594,12061212
elliotteh,12061212
jonas6506,12061212
magnus4475,12061212
monique3395,12061212
joshua1120,12061212
mathew5385,12061212
tiziano1821,12061212
james40614771,12061212
thachvan,12061212
clayton6735,12061212
robinbongers,12061212
kristina6678,12061212
alexis6713,12061212
phil2916,12061212
kim8946,12061212
jiri8364,12061212
CGTextures,12061212
tara1800,12061212
benmautner,12061212
frederic5720,12061212
john3331,12061212
elizabeth2872,12061212
cris3958,12061212
liz3553,12061212
marketingdivas,12061212
susan1079,12061212
james6824,12061212
adam2865,12061212
bryn,12061212
amy8005,12061212
diana6036,12061212
cynthia2448,12061212
thomas4524,12061212
alice7040,12061212
ryan6629,12061212
kenneth1608,12061212
philip2169,12061212
snipergames,12061212
philip44938914,12061212
william4666,12061212
chardave7675,12061212
giovvan,12061212
christine4303,12061212
bill6242,12061212
billandkimberly4731,12061212
taka4957,12061212
Oliver10303,12061212
CamoJ,12061212
donald6735,12061212
richard8069,12061212
colin1337,12061212
ian1459,12061212
samRI,12061212
bernd4014,12061212
george61634409,12061212
doug1573,12061212
loring2244,12061212
jess9945,12061212
mark5486,12061212
sara87833724,12061212
carol3210,12061212
christopher4401,12061212
allen4439,12061212
jakob6956,12061212
terrie5503,12061212
heather7421,12061212
leena4434,12061212
karen1243,12061212
tim4802,12061212
misty9993,12061212
marialuisa9158,12061212
fran3842,12061212
arthur2591,12061212
emily8910,12061212
vivian5464,12061212
jack6841,12061212
jace7839,12061212
earlpollack,12061212
duaneandbrenda3245,12061212
eileen4557,12061212
michael6733,12061212
imran8979,12061212
john36859254,12061212
daniel4732,12061212
nancy41368621,12061212
lisa9545,12061212
diane5223,12061212
joanne1181,12061212
andyr,12061212
ron1646,12061212
emma6006,12061212
uy2963,12061212
whitmorefamily3477,12061212
liz7133,12061212
alyson7568,12061212
donald4263,12061212
allison7211,12061212
wbrett2267,12061212
toni4644,12061212
john45149209,12061212
sabine1420,12061212
marcus5139,12061212
renee1623,12061212
dallas7570,12061212
janet5836,12061212
peter6867,12061212
benjamin8729,12061212
dillon2854,12061212
joyce6130,12061212
davidandwendy5802,12061212
brian9124,12061212
ginny1239,12061212
jacques8087,12061212
john43522245,12061212
mark7512,12061212
toddarthurbridges,12061212
meredith2313,12061212
annee4044,12061212
danae9405,12061212
sarafernandez,12061212
cathy7305,12061212
tien1606,12061212
joseph7039,12061212
nick2804,12061212
paul6044,12061212
erika4327,12061212
jamie2501,12061212
wade5914,12061212
peter3414,12061212
gavin4486,12061212
taro1757,12061212
robert3579,12061212
john29008137,12061212
annmarie9611,12061212
karolinelien,12061212
andrea6149,12061212
teamkidscare,12061212
dave7628,12061212
dietervermandere,12061212
barb9805,12061212
faith3065,12061212
ryoko1741,12061212
bob8443,12061212
jenny9565,12061212
david60867422,12061212
marla5819,12061212
bruce3229,12061212
john2000,12061212
paul44371410,12061212
roger1977,12061212
mika7675,12061212
christian4583,12061212
timothy8405,12061212
gillian2070,12061212
nancy41821707,12061212
mark19144680,12061212
jacob1130,12061212
jennifer7054,12061212
maureen8342,12061212
doit8408,12061212
kathleen84735145,12061212
robert6334,12061212
vivian9319,12061212
inge8451,12061212
kenjune1669,12061212
tucsondon,12061212
karl1295,12061212
john2969,12061212
louis5117,12061212
mike8605,12061212
susan6324,12061212
loren6974,12061212
melanieS1984,12061212
cheryl6876,12061212
cathie8999,12061212
eddie8446,12061212
maxine8300,12061212
cushmand2033,12061212
steve5971,12061212
matthiasstrauss,12061212
petr2670,12061212
paulas,12061212
chinta6129,12061212
daniel10542437,12061212
divingdoc36,12061212
imaad3453,12061212
angus9422,12061212
cindy3010,12061212
melissa9507,12061212
link1119,12061212
janice5287,12061212
hanso6904,12061212
ioannis4178,12061212
richard4599,12061212
hisham7040,12061212
matthew9599,12061212
marianne5163,12061212
leah8131,12061212
sunny2644,12061212
geoffrey7754,12061212
jeannie3538,12061212
phillip2770,12061212
chapulin,12061212
rubn6088,12061212
zane2542,12061212
sofie5822,12061212
robin4340,12061212
paul4938,12061212
benny61,12061212
jean8347,12061212
kirbynorma2978,12061212
gary3120,12061212
mark1196,12061212
michaelw,12061212
steve6393,12061212
cornelis7191,12061212
alex8361,12061212
ian6435,12061212
reifi,12061212
donnal8787,12061212
gareth7990,12061212
lynne1685,12061212
brian74109661,12061212
john11444749,12061212
tracey7899,12061212
pdave,12061212
kim2799,12061212
bjrn6539,12061212
adepalma,12061212
mike2893,12061212
michael1533,12061212
sean7293,12061212
annie5654,12061212
christine86144157,12061212
jonathanandmegan,12061212
thomas2885,12061212
michael9182,12061212
natalie8856,12061212
indieSpring,12061212
eric5724,12061212
blair6714,12061212
christal6187,12061212
niek2597,12061212
allyn6370,12061212
raymond1808,12061212
geoman3993,12061212
tony1723,12061212
leighann5533,12061212
jason15724667,12061212
doug5662,12061212
robert58761194,12061212
islmifi,12061212
kieran9177,12061212
regina2619,12061212
jonathan1556,12061212
tejeet1000,12061212
dustonthethrottle9162,12061212
tiina5320,12061212
lorena7176,12061212
lisa4334,12061212
devon1936,12061212
cindiandjared2617,12061212
clayton2072,12061212
jennifer1646,12061212
jennifer3897,12061212
catelyn3292,12061212
thinkingglobally,12061212
sosmdp,12061212
brett5990,12061212
florian1215,12061212
david7874,12061212
mark7436,12061212
paul6593,12061212
harmke9988,12061212
tobias2652,12061212
matt78986877,12061212
travis7340,12061212
teampowerpuff6265,12061212
charine8186,12061212
wayne4878,12061212
ed5477,12061212
judith7287,12061212
linda3393,12061212
nick2152,12061212
steve7775,12061212
septimia6775,12061212
patty7761,12061212
rob7248,12061212
rick3011,12061212
mary9389,12061212
brigitte5294,12061212
cynthia8784,12061212
debbi8522,12061212
donna5390,12061212
amy66204899,12061212
shailesh,12061212
kevin39719548,12061212
chiphayner,12061212
john1962,12061212
madeline4699,12061212
madeline9122,12061212
sebastia,12061212
alva7879,12061212
gerry5549,12061212
sanjeevchaddha,12061212
priscilla7043,12061212
penguinsforthewin,12061212
jacqueline9654,12061212
danielandmichael8404,12061212
laura71434975,12061212
dechan,12061212
stephanie7180,12061212
jaclyn7568,12061212
mohan5068,12061212
wantirnacollegesrc9484,12061212
carolyn5566,12061212
rod7860,12061212
erin5552,12061212
whitney5735,12061212
sue7356,12061212
karl3272,12061212
jan4845,12061212
tonton5031,12061212
liesbeth6669,12061212
diane9416,12061212
cxrdpb3395,12061212
brenda1292,12061212
qsxus4533,12061212
thomas62144265,12061212
erin5895,12061212
margaret69873099,12061212
bj3742,12061212
anthony5288,12061212
steve1105,12061212
barbara47907166,12061212
amfer,12061212
peder7262,12061212
mariahandgeoff1016,12061212
lucia5141,12061212
michael7287,12061212
astina,12061212
ulla5910,12061212
cees9049,12061212
kim8018,12061212
catherine4072,12061212
sandra99174249,12061212
irene9636,12061212
bill86433605,12061212
carlos2140,12061212
timothy8936,12061212
robert2808,12061212
mark9102,12061212
reganchen,12061212
3beditions,12061212
brooke1792,12061212
albert2195,12061212
abdul3815,12061212
shivshreya7894,12061212
dudonations1600,12061212
davidarlene4401,12061212
cynthia5687,12061212
fred1925,12061212
neil2503,12061212
christianerrboe4515,12061212
mikael7391,12061212
freethink8624,12061212
pari6604,12061212
dave5124,12061212
gregory4163,12061212
peter8758,12061212
pip,12061212
david84364901,12061212
ivan3749,12061212
carolyn4302,12061212
lori4040,12061212
franz7843,12061212
chris9437,12061212
heather8258,12061212
sharon3889,12061212
brian8424,12061212
kathryn4644,12061212
mircea9969,12061212
dondado,12061212
chris7076,12061212
bruno5155,12061212
cynhia8994,12061212
kirsten5157,12061212
jessica3989,12061212
leslie72383404,12061212
lars7002,12061212
lastingchange,12061212
gina1575,12061212
diane9204,12061212
luca2777,12061212
laura6131,12061212
theamericanschool6815,12061212
lynnsey6295,12061212
bryan1553,12061212
maria36792083,12061212
hanne1170,12061212
midori4817,12061212
n5rmj,12061212
rodney7746,12061212
phil1909,12061212
erikjohnson,12061212
kathryn1574,12061212
keith4812,12061212
bryan5611,12061212
audra4066,12061212
clive9388,12061212
liz5135,12061212
mark9304,12061212
jill2810,12061212
brian9307,12061212
tim6023,12061212
angela7124,12061212
james9463,12061212
jason9151,12061212
sven2348,12061212
francis9061,12061212
richard3361,12061212
jonathan1313,12061212
elani5291,12061212
jahaira4571,12061212
allison4457,12061212
deke9127,12061212
john8885,12061212
marge8089,12061212
susan90438174,12061212
irene8353,12061212
susa5266,12061212
karl3843,12061212
bea6902,12061212
kris2769,12061212
edward1525,12061212
michael1200,12061212
sarah7391,12061212
bernie1377,12061212
dale7131,12061212
emily7578,12061212
joe1383,12061212
trinitychurch9574,12061212
oren4851,12061212
rudi4708,12061212
brian7557,12061212
nathalie8483,12061212
christian6435,12061212
greg9017,12061212
stephen5987,12061212
patrick2150,12061212
marianne9919,12061212
kathy8892,12061212
katy3729,12061212
alex4199,12061212
david2410,12061212
kelly2450,12061212
brbara7511,12061212
dawn5259,12061212
lisa3692,12061212
tracey8882,12061212
seth5882,12061212
vincent8489,12061212
FrayedWorld,12061212
roisin5074,12061212
stefanie1134,12061212
virginia6834,12061212
lesquennevaisschoo9852,12061212
patricia80707791,12061212
karenalvarenga3891,12061212
david16729880,12061212
david12472767,12061212
sabina4957,12061212
marnie3331,12061212
maxsack,12061212
wd9561,12061212
tina5584,12061212
antonella2693,12061212
augustin2861,12061212
barry7459,12061212
stine9480,12061212
laura79641470,12061212
cindiaugustine,12061212
PesoNuestro,12061212
chris49867302,12061212
laurence5353,12061212
kristy8439,12061212
kathryn74945595,12061212
lukas5918,12061212
roy9116,12061212
jason3108,12061212
pamela8244,12061212
tamara3666,12061212
nicole6374,12061212
susan4118,12061212
irina8041,12061212
caitlin6560,12061212
ben6170,12061212
bruce3455,12061212
michael9825,12061212
sam5439,12061212
nol9172,12061212
zach4931,12061212
karine1629,12061212
troy7969,12061212
hilde5704,12061212
zella7370,12061212
sandra7735,12061212
roger1262,12061212
mary50218229,12061212
clifford4683,12061212
nickpassig,12061212
mcbrowne,12061212
patsy6098,12061212
janiceandsteve4197,12061212
richard3277,12061212
geoff6486,12061212
louise5242,12061212
marion4609,12061212
lubomira6592,12061212
jennifer1312,12061212
barbara8753,12061212
jonathan9769,12061212
wally5660,12061212
michele9999,12061212
david94589997,12061212
thao6245,12061212
jelle3486,12061212
dennis7186,12061212
sharee1262,12061212
rachael5293,12061212
jeff5095,12061212
christopher5500,12061212
calvin9129,12061212
michael9491,12061212
duis1084,12061212
claire3810,12061212
maxine6579,12061212
joann8954,12061212
brad6264,12061212
udo5334,12061212
chad8641,12061212
jade2923,12061212
doug7868,12061212
diemperdidi,12061212
houtan,12061212
david34329035,12061212
jedubf,12061212
whitney1612,12061212
christina2644,12061212
susan41786199,12061212
julia5271,12061212
kathryn7541,12061212
jennifer5403,12061212
bettina7504,12061212
tambra7241,12061212
john26598234,12061212
greggles,12061212
kathryn7465,12061212
tmn2340,12061212
jason5710,12061212
anton3744,12061212
plopper,12061212
tatsuo1974,12061212
david52204080,12061212
neil100,12061212
richard9860,12061212
gooddogg1,12061212
mrthornton,12061212
jon3138,12061212
justin62565233,12061212
wendy4578,12061212
saksham5370,12061212
margaretm8711,12061212
saroja1852,12061212
craig6099,12061212
donald1962,12061212
markjudie2008,12061212
lisa83777891,12061212
sandy6506,12061212
doris8369,12061212
elisabeth9060,12061212
craig3632,12061212
nadineh,12061212
john5153,12061212
mike4494,12061212
kathryn4828,12061212
irisdogbane,12061212
rebecca5152,12061212
uma3453,12061212
trisha8923,12061212
pinyoon2177,12061212
charlie8314,12061212
peter9219,12061212
ann8535,12061212
james7382,12061212
shirley84092489,12061212
jennifer3269,12061212
dan3733,12061212
william4805,12061212
michael99006354,12061212
bokxfg9084,12061212
anna1291,12061212
kevinrailsback,12061212
craig3817,12061212
chatswood1846,12061212
matthewaverkamp,12061212
kelly36974247,12061212
megan2331,12061212
peta6233,12061212
parker8304,12061212
kirsten2713,12061212
david3957,12061212
leigh7163,12061212
dan9272,12061212
paul3006,12061212
russell1740,12061212
vinzent2m9014,12061212
simonrebecca7200,12061212
anne9739,12061212
anthony97496293,12061212
anastasia5845,12061212
frieder4585,12061212
michelle7931,12061212
shutternomad,12061212
michael8336,12061212
andrea4085,12061212
david8518,12061212
margareta7508,12061212
aaron8245,12061212
ruiavelarsilva,12061212
famleermakers,12061212
robin11748772,12061212
hayo8427,12061212
antti1437,12061212
playerx,12061212
doug2827,12061212
brianhull72,12061212
briansue1367,12061212
jakub1121,12061212
lucy9406,12061212
joost4384,12061212
anny7901,12061212
brian8446,12061212
andra3749,12061212
sarah5215,12061212
christoph2410,12061212
john9334,12061212
icurhere2,12061212
jenifer2535,12061212
andrew21064639,12061212
patricia8183,12061212
chantal7292,12061212
tony9069,12061212
gail9862,12061212
denvernairobicommittee,12061212
susan2079,12061212
thePCapeman,12061212
harriet7916,12061212
bridget4518,12061212
ludek4616,12061212
caseyl,12061212
claudine6582,12061212
ingun4186,12061212
christianschewe,12061212
william3799,12061212
jacob4971,12061212
marian2982,12061212
tam1029,12061212
russell9040,12061212
dianne9031,12061212
joseph5289,12061212
gloria3493,12061212
marco1454,12061212
kellie4303,12061212
isagrade7,12061212
deborah1785,12061212
mark4277,12061212
jeanette2997,12061212
john27592175,12061212
valeriaalexandra3337,12061212
andrew9805,12061212
peter6469,12061212
igor2590,12061212
marius2969,12061212
juergen5627,12061212
srmarion5622,12061212
vaalea,12061212
juliekriegshaber,12061212
william4357,12061212
family2424,12061212
jon4126,12061212
millie4044,12061212
jenkins2193,12061212
orz,12061212
olek,12061212
brian4670,12061212
maurice4819,12061212
chrisandsarah5331,12061212
david2032,12061212
letter7793,12061212
maeve6788,12061212
james96127872,12061212
mari5012,12061212
susanne7970,12061212
kr6529,12061212
lee8933,12061212
lisa3860,12061212
sid7856,12061212
fisterratravel,12061212
caroline7606,12061212
corinne3642,12061212
asher8910,12061212
cowsonly9615,12061212
sebmos,12061212
mike49858554,12061212
csedev,12061212
tims9689,12061212
michael2252,12061212
stephen6608,12061212
amit9737,12061212
simondempsey,12061212
tyler2674,12061212
katherine8861,12061212
don8168,12061212
jens5308,12061212
carien3531,12061212
greg9077,12061212
primetech,12061212
claire8056,12061212
katherine7142,12061212
davidb,12061212
lauren7768,12061212
lauren4110,12061212
courtney4193,12061212
puja7486,12061212
edith6098,12061212
alana7855,12061212
paolo5257,12061212
AntonioSaraiva,12061212
michael92564744,12061212
lena1855,12061212
katherine2654,12061212
brenda3502,12061212
gw6754,12061212
maris2676,12061212
jeffandsharon5046,12061212
susan50015965,12061212
tara6284,12061212
georgeandlee3888,12061212
gavin9598,12061212
christian8925,12061212
joanne2977,12061212
lily8164,12061212
alanandjoanne3748,12061212
chelseabudd,12061212
robert7315,12061212
lori6871,12061212
sanne6132,12061212
david3043,12061212
janmartin4721,12061212
heather1546,12061212
boyd5970,12061212
michaeledwin,12061212
kym9190,12061212
kathy2294,12061212
berka3932,12061212
carlomario4087,12061212
marco5076,12061212
christopher5608,12061212
trolltech4460,12061212
patrick7166,12061212
Luigi3966,12061212
eileen9905,12061212
david84707883,12061212
frank3626,12061212
andreaschristoph2945,12061212
tracy82921344,12061212
arthurlui,12061212
mvhconsult,12061212
tomi3055,12061212
jessing,12061212
juliet1746,12061212
pedroj,12061212
ilona8399,12061212
dee1171,12061212
krista2318,12061212
robert1846,12061212
sally8488,12061212
christopher3729,12061212
borghild6231,12061212
nimalee5426,12061212
don9099,12061212
attilio6260,12061212
arto4843,12061212
drew6631,12061212
erin86906492,12061212
patricia1964,12061212
mariaa4217,12061212
daniel2267,12061212
jakobsa,12061212
michael6255,12061212
megan7906,12061212
christopher4857,12061212
dirkarjan7760,12061212
jolie6271,12061212
leah7133,12061212
ramzan1236,12061212
katopua,12061212
hugo8632,12061212
thao8485,12061212
dennis5599,12061212
scott8434,12061212
bonnie1906,12061212
h00man,12061212
chris9826,12061212
hajime5802,12061212
serena5912,12061212
annaant7959,12061212
kendal,12061212
martin8719,12061212
leslie9126,12061212
andrew2954,12061212
joseph3185,12061212
matt4709,12061212
peter1586,12061212
steve8703,12061212
caro3192,12061212
garypam6357,12061212
deborah5704,12061212
demetra7031,12061212
bernhard4995,12061212
pierre3428,12061212
whitney9272,12061212
vladimr2287,12061212
julie4314,12061212
hanna3771,12061212
helen8089,12061212
barbara4241,12061212
loansbysuzette4330,12061212
elaine8630,12061212
john8685,12061212
marge5709,12061212
till5479,12061212
juliane1444,12061212
taras7650,12061212
vera8317,12061212
erin4397,12061212
jason6815,12061212
intaudt,12061212
weltraumpirat,12061212
nathaniel2179,12061212
ligia5020,12061212
brian5985,12061212
bob4187,12061212
rob4947,12061212
teresa6334,12061212
elizabeth6303,12061212
mary94517949,12061212
cassie1029,12061212
neil3002,12061212
jessie8933,12061212
beckett7083,12061212
rebecca9725,12061212
greg1735,12061212
lisbeth1722,12061212
leland6915,12061212
kay2955,12061212
gil7334,12061212
elton5928,12061212
basdoodeman,12061212
sjoerd8168,12061212
trolltech4460,12061308
gooddogg1,12061308
gooddogg1,12061308
gooddogg1,12061308
gooddogg1,12061308
gooddogg1,12061308
lincoln4338,12061308
LenderID,12061308
patricia2568,12061308
trolltech4460,12061312
gooddogg1,12061312
gooddogg1,12061312
gooddogg1,12061312
gooddogg1,12061312
gooddogg1,12061312
LenderID,12061312
patricia2568,12061312
lincoln4338,12061312
gooddogg1,12061316
gooddogg1,12061316
gooddogg1,12061316
gooddogg1,12061316
gooddogg1,12061316
trolltech4460,12061316
lincoln4338,12061316
patricia2568,12061316
LenderID,12061316
trolltech4460,12061408
paul6044,12061408
william5,12061408
patricia2568,12061408
lincoln4338,12061408
LenderID,12061408
gooddogg1,12061412
gooddogg1,12061412
gooddogg1,12061412
gooddogg1,12061412
gooddogg1,12061412
patricia2568,12061412
LenderID,12061412
gooddogg1,12061416
gooddogg1,12061416
gooddogg1,12061416
gooddogg1,12061416
gooddogg1,12061416
LenderID,12061416
gooddogg1,12061512
gooddogg1,12061512
gooddogg1,12061512
gooddogg1,12061512
gooddogg1,12061512
leif75,12061512
patricia2568,12061512
LenderID,12061512
gooddogg1,12061608
gooddogg1,12061608
gooddogg1,12061608
gooddogg1,12061608
gooddogg1,12061608
gooddogg1,12061608
LenderID,12061608
patricia2568,12061608
kasper1222,12061608
eduardo2611,12061608
gooddogg1,12061612
gooddogg1,12061612
gooddogg1,12061612
gooddogg1,12061612
gooddogg1,12061612
gooddogg1,12061612
trolltech4460,12061612
kasper1222,12061612
eduardo2611,12061612
LenderID,12061612
patricia2568,12061612
gooddogg1,12061712
gooddogg1,12061712
gooddogg1,12061712
gooddogg1,12061712
gooddogg1,12061712
gooddogg1,12061712
trolltech4460,12061712
eduardo2611,12061712
patricia2568,12061712
LenderID,12061712
gooddogg1,12061808
gooddogg1,12061808
gooddogg1,12061808
gooddogg1,12061808
gooddogg1,12061808
gooddogg1,12061808
trolltech4460,12061808
patricia2568,12061808
alex9701,12061808
trolltec,12061808
eduardo2611,12061808
LenderID,12061808
trolltech4460,12061812
gooddogg1,12061812
gooddogg1,12061812
gooddogg1,12061812
gooddogg1,12061812
gooddogg1,12061812
gooddogg1,12061812
patricia2568,12061812
eduardo2611,12061812
LenderID,12061812
kirby5,12061812
gooddogg1,12061816
gooddogg1,12061816
gooddogg1,12061816
gooddogg1,12061816
gooddogg1,12061816
gooddogg1,12061816
trolltech4460,12061816
tinna,12061816
diane5174,12061816
thomas7986,12061816
michaeledwin,12061816
michael24092347,12061816
eduardo2611,12061816
yvind9973,12061816
patricia2568,12061816
LenderID,12061816
trolltech4460,12061912
gooddogg1,12061912
gooddogg1,12061912
gooddogg1,12061912
gooddogg1,12061912
gooddogg1,12061912
gooddogg1,12061912
LenderID,12061912
eduardo2611,12061912
emofund,12061912
jane2428,12061912
diana5379,12061912
michele7893,12061912
sharon9356,12061912
enriquedoal1409,12061912
lorenz3150,12061912
paulsara3711,12061912
andrew7508,12061912
martin5866,12061912
crystal7311,12061912
lee3493,12061912
david8533,12061912
barbara9806,12061912
hana6325,12061912
jack7303,12061912
arpy9920,12061912
2000world,12061912
ashley7687,12061912
orbiter104,12061912
nancy9859,12061912
brian73121657,12061912
judith1657,12061912
bill8910,12061912
julie4669,12061912
paul6847,12061912
barbarafaith4642,12061912
thomas6656,12061912
michael37351993,12061912
maryandscott9834,12061912
matthew9653,12061912
mitsu9767,12061912
kristian5624,12061912
ursula5485,12061912
kerry4093,12061912
cartridgeworldsf,12061912
shelbym,12061912
jeppe,12061912
glenn3850,12061912
daniel5320,12061912
jenny9139,12061912
eric4489,12061912
robin9397,12061912
joan3958,12061912
mike77891133,12061912
john5538,12061912
jenny9449,12061912
gonzaga,12061912
emanuele8440,12061912
anita7459,12061912
michaelandsugar5263,12061912
maureen3300,12061912
tina49639290,12061912
kbaichtal,12061912
adiipienaar,12061912
