thomas3791, 
gpg5402, 
szucheng2565, 
karenmarie, 
wxao7904, 
lincoln4338, 
ed4062, 
ganesh8203, 
ratko5131, 
jeanluc9583, 
feg4193, 
kim8007, 
strictlysheep9833, 
david3442, 
lothar9237, 
elizabeth4315, 
caroline39281557, 
angel9583, 
kiwi, 
heavenlyhorses1276, 
martha9969, 
s6829, 
punmou7556,49.261226 -123.1139268
erica5041,44.983334 -93.26667
shirley1222,43.653226 -79.3831843
alex9626,-33.869235 151.2201715
chloe6299,-33.873651 151.2068896
bob8673,37.09024 -95.712891
alex3512,50.82253 -0.137163
karianne5254,51.924216 4.481776
andrew9124,37.09024 -95.712891
alexander2686,37.7749295 -122.4194155
anna2476,33.7489954 -84.3879824
elaine7649,47.6062095 -122.3320708
nikolaj3403,51.5073346 -0.1276831
fredrik1826,59.32893 18.06491
mark5857,51.5073346 -0.1276831
louis6244,46.767321 7.243848
ryan2265,51.5073346 -0.1276831
internayt,33.7174708 -117.8311428
vinay2684,37.09024 -95.712891
daniel9810,-34.9287264 138.5999453
greg2838,51.045113 -114.057141
jason2940,40.7143528 -74.0059731
jronald9654,39.3995008 -84.5613355
millie9915,-37.8136111 144.9630556
gillian3155,47.6062095 -122.3320708
kay6364,-25.274398 133.775136
ralf8677,51.165691 10.451526
erin5114,51.045113 -114.057141
tobi,52.519171 13.4060912
sarah6161,37.09024 -95.712891
AISK,29.329404 48.0039299
james1239,51.5073346 -0.1276831
joe92553558,40.7143528 -74.0059731
lowell1646,41.8781136 -87.6297982
JoshuaTobkin,40.7143528 -74.0059731
ross4181,41.8781136 -87.6297982
lisa72904193,45.5086699 -73.5539925
isabelle9064,45.5086699 -73.5539925
debby8334,37.09024 -95.712891
michael2051,45.4215296 -75.6971931
hadassah4691,1.2800945 103.8509491
geert5268,52.132633 5.291266
jackie5385,37.3393857 -121.8949555
gregory1167,53.5333333 -113.5
teresa9505,37.09024 -95.712891
rosalie4041,38.4404674 -122.7144314
sophia8453,53.5333333 -113.5
lauren25115671,37.09024 -95.712891
brenda3217,44.3780902 -79.7016159
aaron3599,37.7749295 -122.4194155
bdahl,41.8781136 -87.6297982
thomas7821,46.818188 8.227512
jillian2205,34.0489281 -111.0937311
lorne4383,45.4215296 -75.6971931
birgit1137,48.2081743 16.3738189
graham9475,45.5234515 -122.6762071
leesnddonna4370,32.3512601 -95.3010624
maria6433,45.4215296 -75.6971931
mh2640,36.778261 -119.4179324
debbi9163,30.267153 -97.7430608
maren6906,37.09024 -95.712891
thomas7390,37.7749295 -122.4194155
coral9819,37.7749295 -122.4194155
lindsay5399,37.7749295 -122.4194155
armaan4733,55.378051 -3.435973
allison4275,34.0007104 -81.0348144
iain7070,-37.8136111 144.9630556
chris70269056,48.4284207 -123.3656444
jeanne7279,43.653226 -79.3831843
tara5371,45.4215296 -75.6971931
wojohowitz,40.6528762 -73.959494
antonio6568,36.778261 -119.4179324
eric7343,36.255123 -115.2383485
athena7061,37.09024 -95.712891
donna7739,29.7601927 -95.3693896
susan15001479,47.6062095 -122.3320708
federico3525,-33.873651 151.2068896
oliver3121,-33.873651 151.2068896
moshe8223,37.5585465 -122.2710788
cinziad,45.8080597 9.0851765
michaelb1681,37.09024 -95.712891
moreno5979,46.9479222 7.4446085
andrea3450,26.9342246 -80.0942087
carolynne5364,37.09024 -95.712891
chuckhuckaby,31.9685988 -99.9018131
memorialhighschool9529,43.0730517 -89.4012302
karlina2411,59.9138688 10.7522454
joe7428,39.737567 -104.9847179
leon2765,43.653226 -79.3831843
lloydpick,51.5073346 -0.1276831
kinshuk3284,40.6528762 -73.959494
ana3747,45.5086699 -73.5539925
weixian8214,1.352083 103.819836
christian9632,48.2081743 16.3738189
richard5362,37.2638324 -122.0230146
michael4301,55.378051 -3.435973
rick8048,32.802955 -96.769923
kheli1380,40.7143528 -74.0059731
stgeorgesjunior5655,49.261226 -123.1139268
kimberly1690,33.4483771 -112.0740373
victor1,40.7143528 -74.0059731
jennifer5695,44.983334 -93.26667
mari2645,33.4483771 -112.0740373
jack9152,36.9741171 -122.0307963
irene7974,43.653226 -79.3831843
daisygatsby2764,37.3393857 -121.8949555
alisonandanna9552,51.5073346 -0.1276831
pokyinstephenson6148,22.2478599 114.2033843
jakob8386,51.165691 10.451526
roy4106,37.09024 -95.712891
david65316956,52.205337 0.121817
benjamin4514,35.772096 -78.6386145
danny9992,34.0522342 -118.2436849
thomas6884,40.4406248 -79.9958864
eddie7216,51.5073346 -0.1276831
wongacom3393,51.5073346 -0.1276831
karen9644,40.7143528 -74.0059731
lauren78158465,37.7749295 -122.4194155
emily,37.7749295 -122.4194155
peterandjana5644,33.768321 -118.1956168
emilio3176,37.3393857 -121.8949555
erin6653,38.8951118 -77.0363658
laura2065,37.7749295 -122.4194155
annatw,59.9138688 10.7522454
thomas5363,46.1983922 6.1422961
petra9579,49.261226 -123.1139268
michael65471798,38.6270025 -90.1994042
sarah89511187,48.2081743 16.3738189
sahitya4859,51.5073346 -0.1276831
nick2056,51.5073346 -0.1276831
jeremy9455,40.4166909 -3.7003454
susan3777,51.5073346 -0.1276831
shaun1686,51.5073346 -0.1276831
nick2638,51.5073346 -0.1276831
bm9956,44.6819866 -63.744311
erin52333618,37.7749295 -122.4194155
math4792,43.0730517 -89.4012302
zachary8135,34.0736204 -118.4003563
kirsten5157,43.653226 -79.3831843
therese5279,43.653226 -79.3831843
davidb,37.3860517 -122.0838511
nfolkert,40.6528762 -73.959494
sumant,37.7749295 -122.4194155
janice80093545,35.0456297 -85.3096801
john43711413,30.7235263 -95.5507771
mathis4620,59.9138688 10.7522454
marco3906,55.378051 -3.435973
barry7923,37.09024 -95.712891
monique5232,42.4072107 -71.3824374
karen7686,47.6062095 -122.3320708
georgina8822,-43.5320544 172.6362254
eric9057,37.8043637 -122.2711137
brentfranson,37.7749295 -122.4194155
samantha7173,41.8781136 -87.6297982
al6075,37.6818745 -121.7680088
betsy8606,37.09024 -95.712891
sleepyhead,37.7749295 -122.4194155
joya,47.6062095 -122.3320708
myra5479,-33.873651 151.2068896
123321,38.7238273 -9.13977
priscilla7289,29.7601927 -95.3693896
rafael1347,23.634501 -102.552784
nate2514,37.09024 -95.712891
mar3845,32.7153292 -117.1572551
jennifer15829190,37.09024 -95.712891
frances4182,32.735687 -97.1080656
susan8695,34.0522342 -118.2436849
kimberly8218,34.0522342 -118.2436849
aalap2517,47.6062095 -122.3320708
dave95614853,56.130366 -106.346771
alyosha19,40.7143528 -74.0059731
ron8120,43.653226 -79.3831843
jenene2320,40.2968979 -111.6946475
michael4319,30.267153 -97.7430608
ekaterina1363,40.7143528 -74.0059731
lawrence8619,43.653226 -79.3831843
caroline9564,43.653226 -79.3831843
francisco7452,-37.8136111 144.9630556
6867,60.1665856 24.9435553
eduardo3729,-22.9035393 -43.2095869
katja8077,60.1665856 24.9435553
asko8697,60.1665856 24.9435553
diane3242,42.4072107 -71.3824374
kurt7926,42.3764852 -71.2356113
emmanuel6416,48.856614 2.3522219
jen6725,40.4166909 -3.7003454
cliff9829,47.6062095 -122.3320708
vladimir1214,49.8776483 8.6517617
ludmila1459,37.09024 -95.712891
cathy9449,39.0750607 -84.4471633
serge7667,45.5086699 -73.5539925
craig56111045,40.6528762 -73.959494
merola8318,41.87194 12.56738
derek3732,51.5073346 -0.1276831
michellef,37.7749295 -122.4194155
kaisa1859,37.7749295 -122.4194155
ellen7170,38.8951118 -77.0363658
sool,59.32893 18.06491
Rockbondensbank,59.32893 18.06491
andrea7512,41.9015141 12.4607737
paul92175994,36.778261 -119.4179324
bridget5394,41.8781136 -87.6297982
tony1489,40.7143528 -74.0059731
ariel8729,40.7143528 -74.0059731
mari7468,37.7749295 -122.4194155
david39303014,29.5688411 -97.9647269
scottleibrand,47.9789848 -122.2020794
egp,25.0865151 -80.4472802
wayne6122,40.1573169 -76.3069014
vic5854,26.3586885 -80.0830984
debbie7978,-25.274398 133.775136
michelle4168,41.8781136 -87.6297982
adobtan,40.7143528 -74.0059731
lindsaycarlson,34.0522342 -118.2436849
daniel5450,33.952602 -84.5499327
robert2054,41.8781136 -87.6297982
jaclyn5388,40.7143528 -74.0059731
rick8888, 
ben16243608,50.7753455 6.0838868
Lapet,37.09024 -95.712891
lori1101,32.2217429 -110.926479
franciscomendes,38.7238273 -9.13977
leslie5237,37.09024 -95.712891
chichi6888,38.6270025 -90.1994042
genekeenan,37.7749295 -122.4194155
Ravi9208,37.7141454 -122.25
helen54527860,-25.274398 133.775136
dani8854,43.653226 -79.3831843
annette6757,53.5510846 9.9936818
emma5382,43.653226 -79.3831843
nidhi4786,37.7749295 -122.4194155
dorothy7799,52.1343699 -106.647656
harry1150,37.09024 -95.712891
susan44087514,37.09024 -95.712891
paul3532,43.653226 -79.3831843
brett5260,33.7489954 -84.3879824
bonalee,1.352083 103.819836
gary2315,37.09024 -95.712891
karen1525,47.6062095 -122.3320708
aquinas6391,34.0522342 -118.2436849
deborah9701,37.7749295 -122.4194155
andyandcarrie,39.737567 -104.9847179
rebecca5599,30.4521351 -91.2101081
kristen3862,40.7143528 -74.0059731
shiri3588,37.09024 -95.712891
janet8151,34.0522342 -118.2436849
david34969520,38.9949153 -77.0772052
joe2798,33.4941704 -111.9260519
patsy8869,34.0522342 -118.2436849
tina5187,37.09024 -95.712891
david2596,41.8781136 -87.6297982
belinda5028,37.09024 -95.712891
judith3597,42.3736158 -71.1097335
david3608,41.8781136 -87.6297982
stephanie6348,56.130366 -106.346771
maya9588,40.7143528 -74.0059731
roxanne8206,56.130366 -106.346771
frank35587821,50.8503396 4.3517103
twain7108,34.0522342 -118.2436849
matti3519,59.32893 18.06491
thomas5245,51.165691 10.451526
james1323,37.09024 -95.712891
rory4337,-36.8484597 174.7633315
samroc3412,-36.8484597 174.7633315
artur8328,51.7592485 19.4559833
konrad6936,51.7592485 19.4559833
chris3133,51.5073346 -0.1276831
pam5953,32.2217429 -110.926479
fleur6754,56.130366 -106.346771
kari8453,44.983334 -93.26667
JonathanEarl,40.0149856 -105.2705456
kim15214233,37.09024 -95.712891
Spicey,51.165691 10.451526
ulrike5921,41.2523634 -95.9979883
kristin7155,44.983334 -93.26667
magnus1286,59.9138688 10.7522454
cynthia4985,43.653226 -79.3831843
miyo6867,36.204824 138.252924
trevor4349,49.1665898 -123.133569
kezia6665,-0.789275 113.921327
floyd3669,44.2311717 -76.4859544
sally5828,43.653226 -79.3831843
kenneth6450,37.09024 -95.712891
court5037,37.09024 -95.712891
mark8056,37.09024 -95.712891
joseph3213,44.3780902 -79.7016159
jean1028,-32.0927293 115.8407007
wim6595,47.6062095 -122.3320708
richard2338,51.5073346 -0.1276831
robin8222,43.653226 -79.3831843
maeve1607,43.6204946 -79.5131983
caro3208,43.653226 -79.3831843
nina7355,38.8951118 -77.0363658
ellen3980,-27.4709331 153.0235024
linda2265,17.2513889 -88.7669444
sarah59987221,33.7489954 -84.3879824
pyttroll,45.5086699 -73.5539925
jesse8288,41.8781136 -87.6297982
jo6827,43.653226 -79.3831843
daniel8152,38.8951118 -77.0363658
jake4126,43.653226 -79.3831843
annemarie1926,41.8781136 -87.6297982
steve7165,-37.8136111 144.9630556
cartridgeworldsf,37.7749295 -122.4194155
mona3491,61.92411 25.748151
matthew8829,52.205337 0.121817
rob2730,47.6062095 -122.3320708
ayla5440,36.9741171 -122.0307963
omnidant,40.0149856 -105.2705456
jambery,37.7749295 -122.4194155
rebecca5892,37.09024 -95.712891
michael6148,35.79154 -78.7811169
shannon9359,-25.274398 133.775136
tessa3129,38.8951118 -77.0363658
stacy8849,37.7749295 -122.4194155
jeanne9966,48.4284207 -123.3656444
jenna1321,-25.274398 133.775136
debbie2348,27.950575 -82.4571776
ching6062,4.210484 101.975766
martinvanelp,51.924216 4.481776
dan98918526,32.7153292 -117.1572551
wakibi,52.3702157 4.8951679
shermeen2271,55.378051 -3.435973
aleecat,47.6062095 -122.3320708
robbie57794812,30.267153 -97.7430608
rich5730,45.4215296 -75.6971931
sue5958,45.226422 -75.686355
chris5139,47.6062095 -122.3320708
jena2008, 
ville9245,60.1665856 24.9435553
ivar1674,59.9138688 10.7522454
hazel4113,47.6062095 -122.3320708
julie2699,37.09024 -95.712891
simone7621,37.09024 -95.712891
roche1387,56.130366 -106.346771
afdesign,37.09024 -95.712891
guphy6952,38.5815719 -121.4943996
duca4680, 
john4289,30.267153 -97.7430608
claire3277,-36.8484597 174.7633315
brigette8728,37.09024 -95.712891
zarzar7568,-27.4709331 153.0235024
rita7340,-36.8484597 174.7633315
julia8442,43.653226 -79.3831843
rodin8858,51.5073346 -0.1276831
pasquale1753,37.09024 -95.712891
manuel9234,-33.4477826 -70.6666065
jennifer8261,40.7143528 -74.0059731
angela8525,1.2800945 103.8509491
arbuckle,45.4215296 -75.6971931
gina9686,-31.9528536 115.8573389
trent4469,37.09024 -95.712891
ontier4425,45.5234515 -122.6762071
johnjoyce2338,37.09024 -95.712891
debbie1040,43.653226 -79.3831843
beth6243,29.7601927 -95.3693896
elina7421,60.1665856 24.9435553
babubhai6520,35.79154 -78.7811169
robin9777,43.653226 -79.3831843
kathryn7224,37.09024 -95.712891
kristin2676,43.8561002 -79.3370188
anthony3856,40.7143528 -74.0059731
srihari2362,37.09024 -95.712891
kim2799,40.7143528 -74.0059731
ala4779,37.09024 -95.712891
jeanene5460,-27.4709331 153.0235024
rex1073,40.7607793 -111.8910474
christopher5033,40.7143528 -74.0059731
ckiv5648,29.7601927 -95.3693896
janet7377,-25.274398 133.775136
jota3706,22.2478599 114.2033843
frankali,37.09024 -95.712891
judy9485,51.045113 -114.057141
dave4214,43.653226 -79.3831843
david3706,37.7749295 -122.4194155
carol2967,37.7749295 -122.4194155
jenirandy3237,37.09024 -95.712891
irene9004,60.128161 18.643501
dave2392, 
jessica7652,51.045113 -114.057141
jodal,59.9138688 10.7522454
cassandra2300,47.833889 -122.124722
david5131,37.7749295 -122.4194155
victor5108,40.7143528 -74.0059731
carlos6221,9.927128 -84.082012
aaron1222,34.0522342 -118.2436849
laura8973,39.737567 -104.9847179
nancy6496,37.7749295 -122.4194155
kaitlin8360,33.9412127 -84.2135309
stephanie6964,37.7749295 -122.4194155
graham3207,48.4284207 -123.3656444
reuben9530,45.5234515 -122.6762071
diana4913,38.7238273 -9.13977
ginny3893,33.5311541 -111.9426452
mark8714,51.5073346 -0.1276831
richard6039,32.321384 -64.75737
pandini,34.0522342 -118.2436849
kajsa3742,60.7303082 14.9998922
lrxaf1838,33.9578307 130.941459
frankrose5964,44.9211836 -93.4687489
pat7596,41.8781136 -87.6297982
james8370,34.0007104 -81.0348144
arthur9210,53.300791 -6.1770668
wisem,59.9138688 10.7522454
teri5979,33.8847361 -118.4109089
jani7361,61.92411 25.748151
karen1672,52.519171 13.4060912
sarah26717216,49.261226 -123.1139268
dana6846,49.261226 -123.1139268
mandy8190,37.09024 -95.712891
kelly2660,45.6387281 -122.6614861
teresa2494,43.653226 -79.3831843
laurenmarie7474,37.09024 -95.712891
amy8948,37.09024 -95.712891
beth66048537,38.5815719 -121.4943996
robert2486,37.8043637 -122.2711137
stephanie6368,40.7143528 -74.0059731
raymond7752,51.045113 -114.057141
trent4788,33.7489954 -84.3879824
robbie5397,30.267153 -97.7430608
aaron6136,36.255123 -115.2383485
justin8608,40.7143528 -74.0059731
teresa3120,41.8781136 -87.6297982
kate4169,30.267153 -97.7430608
rosemary6511,30.267153 -97.7430608
jason8163,40.7143528 -74.0059731
joeboyib,40.7143528 -74.0059731
erica9501,37.7749295 -122.4194155
marius8684,59.9138688 10.7522454
barry7570,33.5422475 -117.7831104
mike5493,51.045113 -114.057141
zalzally,37.7749295 -122.4194155
joe6613,38.8951118 -77.0363658
patrick2909,28.5999998 -81.3392352
damienb,49.261226 -123.1139268
cheritaco,47.6062095 -122.3320708
joel6726,40.7143528 -74.0059731
eyloni,8.9942689 -79.518792
brian1048,41.8781136 -87.6297982
jean4654,45.4215296 -75.6971931
harrison1856,38.8799697 -77.1067698
barry4079,51.5073346 -0.1276831
debra5627,51.045113 -114.057141
richard4660,40.7143528 -74.0059731
laetitia3814,40.6528762 -73.959494
angie2854,36.9741171 -122.0307963
laura4615,39.2903848 -76.6121893
darius4625,37.7749295 -122.4194155
christian4261,55.6760968 12.5683371
voyager5208,39.5296329 -119.8138027
chaney9490,37.7749295 -122.4194155
andrea69809937,49.8997541 -97.1374937
colin6778,38.8951118 -77.0363658
delight2802,34.0522342 -118.2436849
lori9422,21.3069444 -157.8583333
tom2110,37.3393857 -121.8949555
bigdickplaya,37.7749295 -122.4194155
a9514,42.4439614 -76.5018807
bobbie9462,49.1658836 -123.9400647
michael19567144,37.09024 -95.712891
erikjohnson,40.7143528 -74.0059731
dougdo,49.261226 -123.1139268
amy31211317,29.7601927 -95.3693896
jackson75023148,37.09024 -95.712891
steve4000,40.0149856 -105.2705456
morten9692, 
richard2264,37.09024 -95.712891
geoffpollard1870,-33.9033258 151.1424655
sandeep3811,48.764545 2.169007
agdhqr3148,37.09024 -95.712891
lauri7290,37.7749295 -122.4194155
mark47358837,37.7749295 -122.4194155
jennifer59461437,40.7143528 -74.0059731
rusty7757,37.09024 -95.712891
harry5512,38.8048355 -77.0469214
allison3255,40.65 -73.95
Davieboy,-37.8136111 144.9630556
torfinnnome,59.9138688 10.7522454
benmeck,40.7143528 -74.0059731
MMK,41.8781136 -87.6297982
emmave,38.6270025 -90.1994042
jotorkel9186,59.9138688 10.7522454
kenton1442,37.09024 -95.712891
manuel2141,37.09024 -95.712891
martin8424,59.9138688 10.7522454
tourtk, 
martha9624,47.7623204 -122.2054035
annemarie5310,37.09024 -95.712891
nicolestamp,43.653226 -79.3831843
anna7748,34.0522342 -118.2436849
daniel20197155,33.3061605 -111.8412502
bankerslab,32.7153292 -117.1572551
paulwright,51.5073346 -0.1276831
eirik,59.9138688 10.7522454
dwight8825,40.7143528 -74.0059731
cori9865,61.2180556 -149.9002778
monette1672,37.09024 -95.712891
andreas3168,59.9138688 10.7522454
rachel1733,39.3209801 -111.0937311
MDavis372,40.7143528 -74.0059731
susan1008,47.6062095 -122.3320708
jackie2012,30.267153 -97.7430608
gillian4473,51.5389767 -0.1049635
philip9173,36.0395247 -114.9817213
suzanne8502,40.7143528 -74.0059731
andre6084,34.1477849 -118.1445155
cyndi8429,40.7143528 -74.0059731
daniel7425,37.7749295 -122.4194155
timothy4724,37.09024 -95.712891
andrewhazen,40.7891424 -73.1349605
gregory4022,47.6062095 -122.3320708
rraavvii,37.7749295 -122.4194155
chelsey1519,47.6062095 -122.3320708
oliver2895,55.378051 -3.435973
rasmus3747,56.26392 9.501785
robyn18567149,56.130366 -106.346771
maryjane5504,38.8951118 -77.0363658
nataly6035,38.984652 -77.0947092
alix9027,37.09024 -95.712891
jon50434759,37.7749295 -122.4194155
jason7055,45.5234515 -122.6762071
dennis7140,51.165691 10.451526
ulrich4049,51.165691 10.451526
katharina8018,50.9150588 8.1072664
maria2328,39.737567 -104.9847179
adji4300,37.09024 -95.712891
rama9631,1.352083 103.819836
zawadi8552,40.7143528 -74.0059731
travis9403,49.8879519 -119.4960106
gordon1982,37.09024 -95.712891
nicholas4472,-37.8136111 144.9630556
pentti3225,60.1665856 24.9435553
kristen5123,51.5073346 -0.1276831
steven8537,37.8715926 -122.272747
fiona6841,51.5073346 -0.1276831
petra5425,52.519171 13.4060912
alice3278,51.5073346 -0.1276831
justin1425,-25.274398 133.775136
giacomo9428,43.9124756 12.9155494
rickdeirdre5954,-36.7587112 144.2837459
jonathan7593,41.8781136 -87.6297982
allyson8020,56.130366 -106.346771
anie5980,1.2800945 103.8509491
leslie8724,37.09024 -95.712891
adar2280,38.8951118 -77.0363658
yousuf4974,37.09024 -95.712891
billy8904,-33.873651 151.2068896
charlotte,-37.8136111 144.9630556
mark9237,37.09024 -95.712891
brent5731,37.09024 -95.712891
tim87934749,51.5073346 -0.1276831
dingeling,59.9138688 10.7522454
john8967,43.653226 -79.3831843
alexander1199,47.6062095 -122.3320708
serene1838,49.283859 -122.791859
yasmin7845,44.983334 -93.26667
greg7176,51.5073346 -0.1276831
alex23545203,51.045113 -114.057141
matthew4238,39.952335 -75.163789
maria4142,35.9131996 -79.0558445
william1495,37.4418834 -122.1430195
katherine4614,37.7749295 -122.4194155
dewet,51.5073346 -0.1276831
smeeagain,53.3305546 -6.2157427
cathrine6097,59.9138688 10.7522454
peterandjane8811,40.7143528 -74.0059731
robert73092957,-37.8136111 144.9630556
lisa1075,37.09024 -95.712891
jason7813,49.8997541 -97.1374937
lucinda3601,-27.4709331 153.0235024
greg3179,37.7749295 -122.4194155
alayne9704,51.5073346 -0.1276831
liis4824,43.653226 -79.3831843
alaide6525,23.634501 -102.552784
kristin9760,37.09024 -95.712891
ian7733,42.4153925 -71.1564729
gene9786,37.8043637 -122.2711137
kimberly5493,38.8951118 -77.0363658
tracey7094,43.653226 -79.3831843
giselle7391,37.09024 -95.712891
elizabeth8620,37.8043637 -122.2711137
katharine3036,38.8951118 -77.0363658
leo9437,59.32893 18.06491
steve1618,41.8781136 -87.6297982
alicya3354,43.653226 -79.3831843
bertila5987,25.4611312 -108.0789636
santos5324,25.4611312 -108.0789636
ckpwong,43.653226 -79.3831843
shahab5120,37.09024 -95.712891
garthsworld,40.7143528 -74.0059731
maria5118,41.8781136 -87.6297982
richard9461,44.983334 -93.26667
james13021236,37.09024 -95.712891
acheng212,40.7143528 -74.0059731
LJK,59.9138688 10.7522454
martin1709,52.0704978 4.3006999
mark9892,40.7143528 -74.0059731
stephen8123,34.0522342 -118.2436849
JennyandPhilipp,-27.4709331 153.0235024
david2353,37.09024 -95.712891
jeffbridges,42.3736158 -71.1097335
alisa3996,-25.274398 133.775136
blanca6711,40.463667 -3.74922
lars5213,53.5510846 9.9936818
jan6109,51.165691 10.451526
james5766,40.7143528 -74.0059731
euromaster4350,53.5510846 9.9936818
lise4899,59.9138688 10.7522454
neola6319,44.9192844 -123.3170472
aurora5553,37.09024 -95.712891
pamela2849,47.6062095 -122.3320708
matthew9284,40.7143528 -74.0059731
janelle2967,37.09024 -95.712891
amber4021,43.653226 -79.3831843
niki8775,51.15 4.1333333
rakshya,40.6528762 -73.959494
sarah5816,40.6528762 -73.959494
eugeniavb,40.7143528 -74.0059731
alexis2308,40.7143528 -74.0059731
GreenAgent,45.4215296 -75.6971931
patrick7993,51.5073346 -0.1276831
jenny8038,43.653226 -79.3831843
michael00,40.7143528 -74.0059731
rahim,43.653226 -79.3831843
dittes, 
rangan9071, 
john6554,34.0522342 -118.2436849
drillings,38.8799697 -77.1067698
tom3275,38.9012225 -77.2652604
david3196,32.7153292 -117.1572551
indubitableduff,-27.4709331 153.0235024
vanessa7758,51.5073346 -0.1276831
roberta3424,32.7153292 -117.1572551
james7150,41.8781136 -87.6297982
Schwartz,37.7749295 -122.4194155
suzanne8290,37.7749295 -122.4194155
shauna6520,38.8951118 -77.0363658
craig2482,45.5234515 -122.6762071
mariko1799,52.132633 5.291266
alejandro9572,32.7153292 -117.1572551
leena9890,34.0522342 -118.2436849
samuel8226,37.7749295 -122.4194155
ross9076,40.5852602 -105.084423
rachel2281,34.0522342 -118.2436849
richard6943,32.2217429 -110.926479
kamlesh7825,47.6062095 -122.3320708
albert6079,52.0901422 5.1096649
camilleanne6446,37.7749295 -122.4194155
richard5043,40.7143528 -74.0059731
susan6919,29.7601927 -95.3693896
jpw,47.6062095 -122.3320708
amy4208,32.7153292 -117.1572551
michele4695,34.0522342 -118.2436849
skipandsusie5076,37.09024 -95.712891
chris8274,51.045113 -114.057141
kim5142,37.7749295 -122.4194155
michaelnoel,30.267153 -97.7430608
steven6482,36.9741171 -122.0307963
ken9721,49.261226 -123.1139268
einstein,32.802955 -96.769923
megastep,34.0522342 -118.2436849
dave7507,43.653226 -79.3831843
maree3613,-27.4709331 153.0235024
jessie8693,43.653226 -79.3831843
violetta9481,40.7143528 -74.0059731
peggy1427,37.2358078 -121.9623751
tom3578,44.9537029 -93.0899578
philip5810,30.267153 -97.7430608
caleb5702,47.6062095 -122.3320708
ann8505,40.7143528 -74.0059731
david90826833,37.09024 -95.712891
ray1449,43.653226 -79.3831843
don6117,37.09024 -95.712891
ann4291,43.3255196 -79.7990319
carla3746,37.5407246 -77.4360481
ross20642047,34.2257255 -77.9447102
shashi9037,37.09024 -95.712891
susan4104,43.653226 -79.3831843
techleadjosh,37.09024 -95.712891
jessica9242,41.8781136 -87.6297982
jtw,51.5073346 -0.1276831
jessica21,37.09024 -95.712891
ysmp0822,-37.8136111 144.9630556
barbara4752,40.7143528 -74.0059731
jim1658,33.836081 -81.1637245
jacques4082,51.733004 5.1382786
jon7037,45.5234515 -122.6762071
biopterins,35.1814464 136.906398
annie5206,40.7143528 -74.0059731
deborah1449,56.130366 -106.346771
ricardo6956,32.7153292 -117.1572551
michael9869,29.7601927 -95.3693896
kamaljit9197,37.7749295 -122.4194155
ariel3629,41.8781136 -87.6297982
david66011546,40.7143528 -74.0059731
sung1489,1.352083 103.819836
lawrence9068,37.4418834 -122.1430195
saroj9432,37.7749295 -122.4194155
elliotteh,41.8781136 -87.6297982
neilhuang,25.091075 121.5598345
connor1877,49.319647 -123.068237
teagan2619,49.319647 -123.068237
oden4927,49.319647 -123.068237
tye7500,49.319647 -123.068237
anne5107,53.5333333 -113.5
jennifer7861,43.653226 -79.3831843
dannie1319,37.3393857 -121.8949555
shannon2288,29.4241219 -98.4936282
kelly7119,37.7749295 -122.4194155
hansen4177,37.8715926 -122.272747
globalpovertyrelie3944,43.653226 -79.3831843
margery3819,37.7749295 -122.4194155
monica785,37.09024 -95.712891
normandmichelle8811,56.130366 -106.346771
ron8238,47.8106521 -122.3773552
david3873,41.6005448 -93.6091064
gordonl9655,33.2181797 -111.8759103
alisonmpls,44.983334 -93.26667
leonid3109,37.09024 -95.712891
nina1957,34.1477849 -118.1445155
moloud,45.5086699 -73.5539925
peter2945,43.653226 -79.3831843
frederick8967,41.8781136 -87.6297982
morgan34905636,49.261226 -123.1139268
jon11125805,53.5333333 -113.5
heather2318,47.6062095 -122.3320708
wesley2053,37.7749295 -122.4194155
KevinMcNeilly,29.7601927 -95.3693896
tkli,40.7143528 -74.0059731
jai6804,51.5073346 -0.1276831
ana4137,23.634501 -102.552784
simon6162,37.09024 -95.712891
victor7014,34.0522342 -118.2436849
barbara29975849,43.653226 -79.3831843
shannon1678,37.7749295 -122.4194155
charles6283,40.3470543 -74.0643065
xiaomin3480,37.09024 -95.712891
dianeshawe,55.378051 -3.435973
josee6521,52.25446 6.160247
michelle3469,31.2448234 -92.1450245
george1870,-25.274398 133.775136
jocelyn1494,53.5333333 -113.5
jonandmarja8036,44.983334 -93.26667
alberto8473,51.5073346 -0.1276831
line8661,60.3912628 5.3220544
nancy83597355,37.09024 -95.712891
liz1821,37.09024 -95.712891
axel,59.32893 18.06491
madison6265,49.5040452 -115.063065
thomas17694658,40.8259007 -74.2090053
toni3157,37.09024 -95.712891
paul44033492,41.8781136 -87.6297982
liana3966,37.09024 -95.712891
pastasauceror,-25.274398 133.775136
anita7459,35.772096 -78.6386145
DirkLebe,51.165691 10.451526
sascha8779,51.165691 10.451526
karen10225349,-25.274398 133.775136
cary,37.4418834 -122.1430195
arun6438,40.7143528 -74.0059731
murray6496,56.130366 -106.346771
julia4712,42.3736158 -71.1097335
sascha2378,37.7749295 -122.4194155
kevin92563302,38.6270025 -90.1994042
waphle,40.7143528 -74.0059731
robin78357202,37.7749295 -122.4194155
chuck5973,33.5225261 -117.7075526
mimi9672,56.130366 -106.346771
jo3835,-27.4709331 153.0235024
thomas4499,47.3686498 8.5391825
percy3073,43.653226 -79.3831843
john4074,40.6528762 -73.959494
peter2305,49.261226 -123.1139268
antonella,43.653226 -79.3831843
rory5799,-31.9528536 115.8573389
cathryn5550,44.0682019 -114.7420408
kristie6516,37.3393857 -121.8949555
richard4647,49.261226 -123.1139268
ellenandart8559,47.6062095 -122.3320708
stella9145,39.737567 -104.9847179
alexander5126,51.5073346 -0.1276831
deborahj9640,40.0149856 -105.2705456
jenn9344,45.5234515 -122.6762071
meredith9635,30.267153 -97.7430608
larry2376,41.8781136 -87.6297982
peter1777,33.4483771 -112.0740373
taylors,30.267153 -97.7430608
george77319804,37.09024 -95.712891
mackenzie9019,37.09024 -95.712891
jeff9755,49.261226 -123.1139268
kmix,37.09024 -95.712891
julie8450,49.261226 -123.1139268
kelly2767,37.09024 -95.712891
katrin7154,51.4818445 7.2162363
jose6738,32.7153292 -117.1572551
catherine5453,35.8880796 -106.3069722
cgoldbronn,34.0522342 -118.2436849
judith8536,36.7468422 -119.7725868
elaine9217,53.9332706 -116.5765035
christine8565,38.0293059 -78.4766781
bruce4790,34.0522342 -118.2436849
becky5731,38.6270025 -90.1994042
aaron4695,34.0522342 -118.2436849
spencer6808,29.7601927 -95.3693896
amy8335,37.09024 -95.712891
jack5986,35.9940329 -78.898619
timothy3409,40.7143528 -74.0059731
scott1337,36.255123 -115.2383485
linda41221196,42.3444664 -88.041746
kathy2514,40.7143528 -74.0059731
mary97909493,45.5234515 -122.6762071
nick1624,47.6062095 -122.3320708
jodi6645,51.045113 -114.057141
susan6759,33.4483771 -112.0740373
richard51288087,40.4172871 -82.907123
sharon73186477,47.6062095 -122.3320708
louisa8672,38.8799697 -77.1067698
max1946,34.7464809 -92.2895948
brita8186,39.737567 -104.9847179
jean8240,37.09024 -95.712891
ellie4731,39.737567 -104.9847179
midiana9105,48.7248452 -122.6863586
laurajane,45.5234515 -122.6762071
joann7483,39.0067768 -76.7791365
barbara7608,40.7143528 -74.0059731
sarah7877,47.6062095 -122.3320708
beth8148,56.130366 -106.346771
carol2513,33.4941704 -111.9260519
m6032,45.5234515 -122.6762071
harmony3892,37.09024 -95.712891
paulaandmichael7377,39.737567 -104.9847179
joan9251,45.5234515 -122.6762071
pamela4420,41.8781136 -87.6297982
darlene6876,43.4925843 -70.4533844
mary4244,37.7749295 -122.4194155
Lightgazer,34.0522342 -118.2436849
JAK5372,30.267153 -97.7430608
michael8336,37.4538274 -122.1821871
stan2325,33.4483771 -112.0740373
marina7256,-37.8136111 144.9630556
davec,37.09024 -95.712891
maureen2876,33.7489954 -84.3879824
sasha6660,40.7143528 -74.0059731
TheOtherO,41.8781136 -87.6297982
pg3233,39.737567 -104.9847179
john95278469,39.5500507 -105.7820674
dkeith9059,33.7489954 -84.3879824
marcy6770,30.267153 -97.7430608
carol4437,44.983334 -93.26667
karen2690,51.045113 -114.057141
frank4599,35.9940329 -78.898619
js3023,60.1665856 24.9435553
lora7535,41.3542656 -71.966462
troyengel,37.09024 -95.712891
axel1003,37.7749295 -122.4194155
ute2322,51.3953909 0.307571
patricia7222,-37.8136111 144.9630556
kateanddavid8044,41.2523634 -95.9979883
liane1182,59.9138688 10.7522454
dickdiane5664,37.09024 -95.712891
cheryl3868,37.5407246 -77.4360481
giovanna2210,37.8043637 -122.2711137
sara75234086,37.09024 -95.712891
wendy8012,-25.274398 133.775136
ron6012,56.130366 -106.346771
janice3173,40.7143528 -74.0059731
kathleen1030,38.6270025 -90.1994042
william8857,33.6839473 -117.7946942
lko,50.0630804 8.2433437
robert3441,37.09024 -95.712891
ryan22135992,30.3321838 -81.655651
gavin9498,18.5204303 73.8567437
beantin,59.32893 18.06491
amy95817694,37.09024 -95.712891
matt5267,-27.4709331 153.0235024
greg2912,56.130366 -106.346771
melanie8934,-33.873651 151.2068896
JeffDannenberg,42.2808256 -83.7430378
rachel3295,37.09024 -95.712891
justin9541,38.9716689 -95.2352501
pamela5802,34.0522342 -118.2436849
me2137,37.09024 -95.712891
stacy4863,45.5234515 -122.6762071
thai8926,32.802955 -96.769923
lizandnaseem1265,47.6062095 -122.3320708
diannepd9140,-33.873651 151.2068896
alana1219,-31.9528536 115.8573389
paula3114,43.653226 -79.3831843
rene1366,48.2081743 16.3738189
jennifer45924448,37.09024 -95.712891
barbar2475,36.255123 -115.2383485
corrieann,37.3860517 -122.0838511
solidarite,40.7143528 -74.0059731
moxenb,47.6062095 -122.3320708
chris3692,40.1164204 -88.2433829
benito,40.7143528 -74.0059731
heather5229,37.09024 -95.712891
nathan7890,56.130366 -106.346771
glenn2508,37.36883 -122.0363496
lisakjetil,-34.9287264 138.5999453
michelle11961884,36.778261 -119.4179324
art1612,36.778261 -119.4179324
catherine29594240,37.09024 -95.712891
daymon6289,41.8781136 -87.6297982
eugene3026,32.7153292 -117.1572551
gail9499,40.7143528 -74.0059731
P2PMinhNguyen,37.7749295 -122.4194155
christiane3175,48.7754181 9.1817588
beau4881,-28.7732192 114.6096326
daniel61857422,43.653226 -79.3831843
jack9008,45.5234515 -122.6762071
brian12589722,45.5234515 -122.6762071
anne6780,37.7749295 -122.4194155
vonceil1295,37.7749295 -122.4194155
mark5034,44.5645659 -123.2620435
suzann6519,27.950575 -82.4571776
ezra8045,-25.274398 133.775136
garrett8168,40.7143528 -74.0059731
thingles,44.983334 -93.26667
toby8841,51.045113 -114.057141
mike3422,56.130366 -106.346771
natasha2697,39.7685155 -86.1580736
michael15411819,38.8951118 -77.0363658
gerald6215,32.7153292 -117.1572551
bonnie8887,32.7153292 -117.1572551
jukka5683,61.6449386 27.0730226
wade5914,49.8997541 -97.1374937
david76713300,51.5073346 -0.1276831
maggie3326,51.5073346 -0.1276831
brad6429,39.737567 -104.9847179
timo1754,60.1665856 24.9435553
sara2831,39.399872 -8.224454
darlene3699,37.09024 -95.712891
kevin6492,34.0522342 -118.2436849
lew2219,41.8781136 -87.6297982
victoria4641,41.8781136 -87.6297982
ryanvanpatten,37.4315734 -78.6568942
volker5032, 
samantha5745,37.09024 -95.712891
eliot5369,40.7143528 -74.0059731
john54568716,51.1909883 -114.4678603
sandra4039,37.4418834 -122.1430195
obrooks,37.4418834 -122.1430195
sandra2250,39.1031182 -84.5120196
sherron7977,40.7143528 -74.0059731
mitchell7512,41.8781136 -87.6297982
mike4788,41.1536674 -81.3578859
cherie7899,43.653226 -79.3831843
marta6780,37.4418834 -122.1430195
david6749,35.0867577 -89.8100858
ellen6009,42.3584308 -71.0597732
oranstainbrook,45.5234515 -122.6762071
allan8531,-31.9528536 115.8573389
wolfgang4970,53.5510846 9.9936818
lisa2477,37.09024 -95.712891
kate1270,55.378051 -3.435973
jeff3717,56.130366 -106.346771
greg4398,25.7889689 -80.2264393
jerrold1926,44.983334 -93.26667
henry2457,32.7153292 -117.1572551
jill5190,39.2903848 -76.6121893
wood4232,44.983334 -93.26667
peter6760,25.7889689 -80.2264393
ada5642,37.7749295 -122.4194155
MollyMonster,37.09024 -95.712891
kevin29114329, 
monica6545,37.09024 -95.712891
laurien5805,47.6062095 -122.3320708
sunil8930,47.9789848 -122.2020794
gregmeyers,42.2808256 -83.7430378
martinschneider,52.519171 13.4060912
kirsten8457,52.519171 13.4060912
Tino,53.5510846 9.9936818
reni2850,45.5870631 -122.3995363
caolan5538,40.6528762 -73.959494
susanna2995,40.7143528 -74.0059731
nrhzot4841,41.8781136 -87.6297982
matthew1289,43.0730517 -89.4012302
christine19658355,37.09024 -95.712891
olivia9456,45.5234515 -122.6762071
jerod9798,44.983334 -93.26667
john2142,37.09024 -95.712891
gregory9685,40.6528762 -73.959494
elizabethandjohn3915,32.802955 -96.769923
dawn2065,44.983334 -93.26667
johnlin,37.7749295 -122.4194155
steven5874,26.1223084 -80.1433786
sarah4628,37.7749295 -122.4194155
michelle6747,37.09024 -95.712891
ricardo9460,30.267153 -97.7430608
linda4147,37.09024 -95.712891
sue6250,37.09024 -95.712891
chris5494,31.9685988 -99.9018131
mark7562,38.8951118 -77.0363658
kyle1183,34.0522342 -118.2436849
amirali5409,32.802955 -96.769923
skylar,37.7749295 -122.4194155
tony1484,32.7153292 -117.1572551
robert3857,29.9691116 -95.6971686
sophie9058,38.8951118 -77.0363658
thomas4947,52.519171 13.4060912
pomme7672,48.856614 2.3522219
julian3159,-34.6359329 -60.4651222
terry7777,51.045113 -114.057141
juan6929,51.5073346 -0.1276831
chris8419,-33.873651 151.2068896
barbara7048,51.045113 -114.057141
ericjade6345,38.8951118 -77.0363658
dagmar7764, 
franck9323,37.7749295 -122.4194155
illya,50.4501 30.5234
sherry7106,47.6062095 -122.3320708
fredericvaliquette,45.5086699 -73.5539925
daniel9294,39.737567 -104.9847179
dave3334,49.261226 -123.1139268
tim9197,39.737567 -104.9847179
lutheranstudentmovem5004,53.5333333 -113.5
mark7629,41.8781136 -87.6297982
claire9309,-37.8136111 144.9630556
sarah1805,48.4284207 -123.3656444
joni1864,34.0522342 -118.2436849
fionn8647,43.653226 -79.3831843
ivo3315,33.7489954 -84.3879824
winnie9543,40.4406248 -79.9958864
overclock,43.653226 -79.3831843
jane7593,37.3229978 -122.0321823
mthompson,37.7749295 -122.4194155
christian5823,59.9138688 10.7522454
mark90262560,37.7749295 -122.4194155
yinnah,1.352083 103.819836
kyle5549,37.09024 -95.712891
mike7499,34.9248667 -81.0250784
danielbrackins,34.0522342 -118.2436849
josy6466,52.3798566 6.2862366
jason1137,52.3702157 4.8951679
richard8973,52.132633 5.291266
kimberleycory,32.7153292 -117.1572551
angel5323,42.7284117 -73.6917851
maryl8965,35.0844909 -106.6511367
garrettminks,29.7601927 -95.3693896
heather3156,49.261226 -123.1139268
werner8412,46.818188 8.227512
sabina4957,-31.9528536 115.8573389
jon2707,59.9138688 10.7522454
karlj8473,60.472024 8.468946
terje1395,59.9138688 10.7522454
sparked,52.3702157 4.8951679
james9982,45.4215296 -75.6971931
ray9074,34.0522342 -118.2436849
aishaelizabeth0821,40.7143528 -74.0059731
julie4344,34.0522342 -118.2436849
celia8189,37.7749295 -122.4194155
kiran8778,37.09024 -95.712891
yonghoon1502,37.09024 -95.712891
jens8857,51.165691 10.451526
nan4152,36.778261 -119.4179324
julia3519,38.6270025 -90.1994042
zandre1000,-22.9035393 -43.2095869
beverly3832,40.2338438 -111.6585337
herrbert, 
rowena1289,37.09024 -95.712891
melissa4451,34.0522342 -118.2436849
rswang,37.09024 -95.712891
chris52058193,55.378051 -3.435973
ryanmclaughlin,37.7749295 -122.4194155
linda51718898,-36.8484597 174.7633315
takbiir,40.7143528 -74.0059731
mona6392,37.09024 -95.712891
susanandgeorge9336,47.6062095 -122.3320708
jane5882,43.653226 -79.3831843
leticia8669,37.7749295 -122.4194155
patience8032,37.09024 -95.712891
eckart5196,52.383626 4.635956
paratalks,47.9805349 13.254998
debbie1155,45.4215296 -75.6971931
ephraim6418,37.09024 -95.712891
clark2765,41.8781136 -87.6297982
priscilla8699,37.3393857 -121.8949555
johnny2206,34.0194543 -118.4911912
sarah73479059,44.983334 -93.26667
mjfoundation,37.09024 -95.712891
lauren1372,37.7749295 -122.4194155
willem2808,52.009507 4.360515
cdb,43.653226 -79.3831843
oliver5747,51.165691 10.451526
tuoitho,37.09024 -95.712891
helene9349, 
jessica96943751,37.5482697 -121.9885719
kyle71509024,30.267153 -97.7430608
tom9525,33.7489954 -84.3879824
victor4532,35.5067215 -97.7625441
erik4460,37.7749295 -122.4194155
mark1069,-37.8136111 144.9630556
cherry5719,34.0522342 -118.2436849
huyenny8170,37.09024 -95.712891
matthew3720,-33.873651 151.2068896
rod7860,51.5073346 -0.1276831
linda6656,42.3736158 -71.1097335
alessandra4771,41.87194 12.56738
thomas7288,37.3860517 -122.0838511
volker7947,51.165691 10.451526
delores6251,37.09024 -95.712891
bernard7986,43.653226 -79.3831843
clarkfamilyministry,45.5234515 -122.6762071
robbie7325,43.653226 -79.3831843
wgaultier,37.7749295 -122.4194155
william7919,47.6062095 -122.3320708
jesse9316,47.6062095 -122.3320708
mary4109,47.6062095 -122.3320708
andrew7679,32.7153292 -117.1572551
lawrencelai,56.130366 -106.346771
michele9377,51.5073346 -0.1276831
systemaconsultingsrl8480,41.9015141 12.4607737
claude3343,30.267153 -97.7430608
martial5467,43.604652 1.444209
matttaylor,55.378051 -3.435973
santiago5529,-34.3717288 -58.6880906
cruz,40.7143528 -74.0059731
katharine9980,51.5073346 -0.1276831
michael9547,41.8661403 -88.1070127
amy44011004,42.4792618 -71.1522765
cathy92424498,33.660297 -117.9992265
oli6332,51.165691 10.451526
leeanne1855,-27.4709331 153.0235024
olivier1798,50.8503396 4.3517103
simon2484,47.6062095 -122.3320708
michael14057902,48.4284207 -123.3656444
lawrence9767,37.7749295 -122.4194155
richard1704,34.0522342 -118.2436849
megumi4350,42.3736158 -71.1097335
paul49699082,38.8799697 -77.1067698
seanandmasharika1024,37.7749295 -122.4194155
david6725,37.7749295 -122.4194155
nat1664,36.778261 -119.4179324
danny6705,37.7749295 -122.4194155
richard8935,47.6062095 -122.3320708
smoffette,37.3860517 -122.0838511
trojanita,34.0522342 -118.2436849
sue4848,43.0730517 -89.4012302
joan4981,37.09024 -95.712891
florian4114,51.165691 10.451526
twmalloy,40.7143528 -74.0059731
amykathryn,41.8781136 -87.6297982
richard7195,37.5629917 -122.3255254
karen39994424,-33.873651 151.2068896
katherine24545304,-33.873651 151.2068896
dane3623,41.4994954 -81.6954088
becky7432,51.045113 -114.057141
joi7832,32.7153292 -117.1572551
mark2014,33.4941704 -111.9260519
maureen7678,33.4483771 -112.0740373
nam3555,37.7749295 -122.4194155
kjk,36.778261 -119.4179324
jasongerlach,32.7153292 -117.1572551
mary27504564,51.5073346 -0.1276831
mikednyc,40.7143528 -74.0059731
boontian1248,1.352083 103.819836
kimberly9994,30.267153 -97.7430608
subha7820,37.09024 -95.712891
patrick7532,38.8951118 -77.0363658
lawrencejay8377,34.1489719 -118.451357
amy8705,33.4483771 -112.0740373
cindy5981,47.6062095 -122.3320708
stuart2664,30.267153 -97.7430608
alicia1180,34.2746405 -119.2290053
annette1136,41.8781136 -87.6297982
kirsten3420,47.6062095 -122.3320708
kathryn5848,47.6062095 -122.3320708
daniel71193689,47.6062095 -122.3320708
john16721723,30.267153 -97.7430608
natnarayanswami,37.3393857 -121.8949555
phil1777,37.8043637 -122.2711137
robert12781807,35.2270869 -80.8431267
stephenc9698,32.7153292 -117.1572551
nancy2238,47.6062095 -122.3320708
steve8750,33.4483771 -112.0740373
cindy9418,33.4941704 -111.9260519
tom7920,37.09024 -95.712891
anamaria1964,40.7143528 -74.0059731
roberta5710,30.5168639 -86.482172
andrea5665,38.6785145 -121.2257818
jeremiahlee,37.7749295 -122.4194155
mike7082,32.7678287 -117.0230839
greg9997,37.7749295 -122.4194155
jojin6794,-33.873651 151.2068896
goldbergfamily4236,38.9906657 -77.026088
nancy22207306,37.3393857 -121.8949555
sarah5427,47.6062095 -122.3320708
eugie,43.653226 -79.3831843
carlos7026,40.4166909 -3.7003454
micahfullerton,37.09024 -95.712891
john65466368,55.378051 -3.435973
samuel7123,40.245664 -74.8459972
judy8590,37.7749295 -122.4194155
fadi4308,25.7889689 -80.2264393
michelle2989,37.7141454 -122.25
migle,37.7749295 -122.4194155
jeff3199,41.8781136 -87.6297982
nalini,37.8043637 -122.2711137
amanda6394,40.7143528 -74.0059731
waimunyoon,51.5073346 -0.1276831
andrea9185, 
john47853280,34.0522342 -118.2436849
nicholas2949,39.737567 -104.9847179
patricia9878,47.6062095 -122.3320708
mike1631,-37.8136111 144.9630556
david6090,-37.8136111 144.9630556
gita5931,37.09024 -95.712891
richard5276,55.378051 -3.435973
jo5474,-37.8136111 144.9630556
brian4464,37.09024 -95.712891
tyler1996,43.653226 -79.3831843
mole333,40.6528762 -73.959494
josepha1719,47.6062095 -122.3320708
robin88262775,34.0522342 -118.2436849
markus1420,46.818188 8.227512
erik9555,60.128161 18.643501
katja5520,60.1665856 24.9435553
david68792124,47.162494 19.503304
ramona2418,51.5073346 -0.1276831
henk5140,52.3702157 4.8951679
marvin8293,51.165691 10.451526
omid8103,37.09024 -95.712891
francesco3002,40.0149856 -105.2705456
joanne9278,45.4215296 -75.6971931
philip6605,37.09024 -95.712891
alex9636,43.653226 -79.3831843
benjamin90927964,35.6512655 -78.8336218
jim1869,37.09024 -95.712891
leanne1462,51.5073346 -0.1276831
brian1688,43.653226 -79.3831843
nick6418,51.5073346 -0.1276831
meganw,37.7749295 -122.4194155
paul7654,51.5073346 -0.1276831
maureen8436,45.4215296 -75.6971931
gill5231,45.4215296 -75.6971931
luispedro,40.4406248 -79.9958864
judith5760,29.9510658 -90.0715323
larissa8107,45.4215296 -75.6971931
davidmargaretand5150,44.2311717 -76.4859544
mary8983,38.8048355 -77.0469214
max5784,38.8048355 -77.0469214
joellen7365,40.7143528 -74.0059731
gisele3051, 
sarah5263, 
newyorkstockexchange5495, 
michaell, 
jodie6462, 
anne34848262, 
christopher2048, 
christy4617, 
lori3285, 
karen4103, 
gary7759, 
gregg9271, 
charlotte6680, 
cynthia9515, 
joyce7471, 
mark9491, 
andrew7588, 
celiasea, 
aileen9726, 
ping898, 
fundsforthefuture, 
rachel07, 
richard5146, 
katherine1768, 
lewis5955, 
liana6285, 
james40614771, 
kelly5234, 
derek6516, 
nicole4816, 
deborah6051, 
norman6091, 
jennifer3940, 
tim6742, 
jennifer8200, 
diana3121, 
john5498, 
claire2001, 
robin2498, 
lsanza, 
barbara9177, 
david4649, 
amy3871, 
maryfaith1509, 
matt7312, 
tora4822, 
mary69572369, 
beth4752, 
eimang, 
april4249, 
virginia8957, 
stephen5499, 
raimo7414, 
erik2719, 
kristina1748, 
brandon4609, 
cody5241, 
cecelia8314, 
loanna7009, 
honorata4997, 
gabriel4945, 
cindy7355, 
stephanie6555, 
luana4146, 
elise2131, 
shannon2048, 
chris3046, 
mikelandjohn3169, 
david888, 
robert26372758, 
franschrista9530, 
alex9462, 
carola3418, 
giles4885, 
ben9195, 
deena1166, 
mike3824, 
michael17168477, 
emily5012, 
raphael6078, 
bella9301, 
mark3429, 
sue72399407, 
norm4214, 
john1311, 
philipp5870, 
christine6596, 
cameron8293, 
diana3470, 
sandra9550, 
michael14412417, 
teamkidscare, 
bryan8373, 
benjamin4021, 
charles6839, 
matt5343, 
susan28988787, 
kate7127, 
tania6431, 
mattie7602, 
rachel6364, 
evan3359, 
eirik3791, 
philippe1221, 
palmuinc, 
marina7192, 
jen6029, 
markagwonahmemoria3530, 
saheba7857, 
jeff3415, 
catchingleaves, 
nick7136, 
arash, 
melissahappyme, 
kyle8388, 
simon7324, 
clifford5366, 
joanne4000, 
peter6388, 
linda9100, 
timothy4785, 
timandconnie8205, 
catherine7327, 
john5795, 
brian3068, 
russell2890, 
davidandmargaret3679, 
tien9348, 
lindaandsteven8026, 
lisa3092, 
susanandsimon4984, 
david7218, 
ina4384, 
kelley7786, 
JY1024, 
ellen3852, 
monica2399, 
wendy5712, 
wanja4631, 
malinirani, 
gerrit3190, 
sarah39553166, 
manuel8461, 
alexrochelle5181, 
eugene86, 
edward17197717, 
tom6292, 
tedd6933, 
mary68958317, 
jamie7687, 
mattandjenn5639, 
corona, 
EntrepreneursForAfrica, 
lyn8151, 
christa9771, 
benedikt3391, 
enrico6250, 
peter6793, 
tracey2647, 
elise6011, 
sarah82503220, 
johnny6973, 
tariqwest, 
cara4633, 
kathy3040, 
david46265530, 
chrisandrick9454, 
harrie, 
gorm, 
greg6267, 
regine3756, 
giorgio1527, 
natalie8280, 
katie5958, 
jessica1476, 
hattie2617, 
petr8989, 
audrey5897, 
hallory8720, 
aidan6680, 
danielrothman, 
lizzie5477, 
julie49764025, 
moniquejames8481, 
sandesh, 
tpa, 
michael86918867, 
marylou5776, 
martin7753, 
nick7013, 
jacobkiers, 
kaare3478, 
terry1628, 
allan2750, 
elizabeth59471339, 
ginger4221, 
luke7335, 
james4802, 
marilyn7058, 
jason7979, 
janet8995, 
hannah2337, 
audrey9681, 
jessica9336, 
karen7677, 
maryclaire5861, 
natalie1362, 
stieg1271, 
simone4197, 
peter71121805, 
pasha2287, 
latheita, 
cordelia1557, 
corinne6533, 
irene3450, 
andrew8852, 
family1255, 
randiandrichard, 
michelle2148, 
mary52873894, 
claus3685, 
jennifer2677, 
nick9059, 
pierre4663, 
teamjosierose, 
jen9366, 
laurie5350, 
laura4752, 
fredrik9600, 
gregory1847, 
karen13702129, 
alain1847, 
elisha6558, 
leonie2845, 
joanna5270, 
michael3739, 
brynyoungblut, 
judy8620, 
rajko2834, 
alexandra3179, 
thomas5246, 
adam6478, 
conrad6441, 
heidi2128, 
markus1671, 
josephine6511, 
patricia48567145, 
eva6176, 
john2182, 
charlotte6183, 
marshall2578, 
neilgeisler, 
abby2228, 
abbey2875, 
P2PMinhNguyen2, 
larry5054, 
monica8920, 
alister4292, 
matthew2911, 
bgilly, 
arlene7978, 
samuel2971, 
ej3116, 
jess6423, 
cheryl4720, 
ira5673, 
marc52453818, 
david4598, 
allan9754, 
jason6557, 
asod6535, 
gailskiva, 
jeannep3737, 
kevin7613, 
jennifer23537109, 
howard1165, 
aline8298, 
patricia9401, 
arlen, 
eddie7459, 
RobertC1965, 
jeff7872, 
alex7413, 
penka8337, 
elsa9437, 
donatella4913, 
veronica1993, 
Katrina4990, 
dwight2014, 
bonnieandsteve7223, 
michelle3926, 
carl4472, 
oxymicrofinance7308, 
furqan, 
Sameer, 
maxrichman, 
plainlystated, 
mattanddoreen, 
cliffmarybethwedding, 
lisa2172, 
nicola7221, 
andrew6656, 
remiandwendy, 
lucas6785, 
sandy6017, 
james5447, 
karen84497152, 
tamar3904, 
mancandellen1893, 
tom7796, 
paul7284, 
andrea4149, 
anna8327, 
mikkel4726, 
daniel2650, 
vincent1346, 
robert3128, 
birrell1607, 
ryan7015, 
ben2985, 
mike4915, 
samueltrauffer, 
andi1127, 
lucinda8061, 
denise2776, 
joseamorales, 
kathryn6858, 
stanley15281, 
karyn2829, 
linda7896, 
aar, 
alex8459, 
oisin3389, 
karen4389, 
hallvard, 
stephen6733, 
susan9377, 
david61029203, 
karina4660, 
view1614, 
paul9924, 
emily9914, 
karen4230, 
robyn6724, 
natalie28376892, 
pablo9086, 
maurizio2340, 
vivek8125, 
asha6616, 
mary2259, 
paul2564, 
nikheel, 
joan8777, 
amanda1570, 
chris8115, 
lenore4910, 
arthur3895, 
ibrahim2991, 
brandon9886, 
kim2078, 
sauryajit8544, 
morey2277, 
jeffberman, 
mkay5632, 
anastasia5007, 
benjamin6718, 
shannon40221992, 
roger2811, 
andersw, 
mariusz3580, 
mitchal6884, 
drew1300, 
mike30241978, 
kristel6039, 
lisa1199, 
carrie1279, 
michael28913440, 
hallie5689, 
susan2662, 
jan1364, 
patrick1942, 
trevor2016, 
katharine4135, 
debleena5435, 
carla7876, 
terrystl, 
dana1522, 
emily1464, 
ryan8445, 
leslie8666, 
caitlin9032, 
vu8554, 
mel5123, 
bernard7023, 
allison1935, 
barbara81445562, 
yiannis4305, 
jerry5824, 
susan3807, 
jewelia4457, 
beverly4492, 
bouraqadi2430, 
cheryl9118, 
fiona4397, 
laurence6540, 
philip9069, 
colin4863, 
MarkusNZL, 
martin3245, 
paul5489, 
david8819, 
wendywallace, 
jeanne53233964, 
bowen7013, 
mariag4050, 
abigail5353, 
todd84824590, 
jonathan5235, 
celest8327, 
thomas3757, 
kerrien9753, 
murali4089, 
jonathan2012, 
james69323703, 
julie24105965, 
jeannette8903, 
wim1189, 
serra1013, 
crystalblue, 
star9927, 
seancarmody, 
cori5217, 
karl2271, 
charles5795, 
michael6733, 
vivienne8368, 
PWR, 
vera5662, 
louise27573775, 
andy33324916, 
christinareif, 
katealex9903, 
eend2275, 
connie60846434, 
louisa4767, 
jeff5135, 
leslie95998586, 
pete8553, 
lauren63315711, 
lorena2616, 
katrina9537, 
stephen3340, 
kpffblack, 
miker5067, 
manoj5674, 
dominick9847, 
marnie2226, 
joshua6840, 
michael6771, 
rashidmayes, 
david98118980, 
louise3204, 
islam1638, 
caron9400, 
atit3586, 
leah5970, 
holly1494, 
franco5793, 
maija9636, 
marcy2199, 
brenda3201, 
gregg4542, 
alex4271, 
ryan6121, 
dingyin4881, 
david95775069, 
andy2414, 
doristomkristin5132, 
oyvind3003, 
jenny9565, 
jamie3140, 
charles1187, 
malia9210, 
lane6785, 
cherylann, 
robert2642, 
susan7942, 
bridget3956, 
daisyg, 
teresa3239, 
kered, 
nelson6981, 
urvashi9077, 
kerryn2722, 
gunnarm2751, 
jorgefromthefuture, 
nicholascardone, 
tinaandbill2911, 
robjmiddleton, 
matt9892, 
christina4924, 
elena3207, 
gary8646, 
kazarnowicz, 
james5567, 
peter9762, 
reuben5193, 
sanjay3364, 
heike9155, 
maren1586, 
brianandkourtney2118, 
jamie8056, 
lemuel7045, 
michael2132, 
rachael1109, 
randp, 
todd8196, 
KyRoamer, 
brenda38668948, 
rosie4032, 
dan1240, 
philipandjenisel, 
shaligram6613, 
madeline9977, 
wiro9129, 
melanie1817, 
scott4036, 
helena9930, 
douglas9323, 
janna1527, 
alisha8238, 
arjache, 
david4035, 
david73031498, 
carolina13585542, 
robyn9099, 
ashley1785, 
rick9929, 
jimkristinlucia7600, 
erik9429, 
joshual, 
sarah2327, 
brian34321214, 
guillermo8118, 
james90978610, 
mparisinou, 
david83008444, 
steinar1785, 
bjarte9458, 
mgt5331, 
kelley2020, 
phillip1508, 
karen56346929, 
darick3959, 
annie20786400, 
andy6187, 
lei6488, 
hemant7632, 
anapaula3781, 
corinne1358, 
heather8585, 
tamar7310, 
daniel11172250, 
stuart17282537, 
fabio3085, 
caroline1922, 
jose1689, 
lorna5648, 
nobuko4232, 
angelique8868, 
billconnie5722, 
brian4765, 
alan6237, 
nelson2772, 
pip, 
vanessa7095, 
cj1772, 
andy9906, 
kayla9431, 
richard11024217, 
coreene1596, 
nora1357, 
melissa4656, 
sharon4615, 
silke5116, 
colette, 
genevieve1882, 
diana99838799, 
danny4397, 
progettostefania, 
stephanie8635, 
sam9916, 
drsj2, 
carletha5884, 
julie6587, 
mohamedhossam8000, 
steven3092, 
julie9941, 
tess6775, 
tim6620, 
michael3363, 
savannah7155, 
geoff6057, 
timothy15097318, 
jan4822, 
judy7062, 
timothylclark, 
carrie1772, 
bigsilverhotdog, 
jamie9210, 
agnieszka, 
btrance, 
nedrichards, 
rachel90405908, 
peter91378241, 
maryam7536, 
monique6351, 
djhr2673, 
absenthanded, 
shanna8075, 
neilfwd, 
judith6740, 
stephanie3690, 
paul2101, 
ramin5363, 
ryan48309553, 
nanda7469, 
james92373666, 
jessica9847, 
tbumyouth5508, 
gianluca6021, 
rhodri2044, 
martha7702, 
opal8489, 
rhee7722, 
amnesty144254, 
jered2474, 
ed55708775, 
chuanpow9262, 
jonny4652, 
cher9033, 
oliverNZ, 
lamoreauxci2619, 
maryjane4864, 
theo7900, 
kira8441, 
jonah1707, 
brent6246, 
brent1034, 
oopyrixx, 
don6915, 
christina4593, 
douglas3301, 
steven3253, 
beth11358139, 
sacha4356, 
jacob4699, 
vilde4131, 
latendresse, 
mariel1621, 
daniel6715, 
gina8059, 
adam5808, 
ross2273, 
ashok3560, 
larry9735, 
sadie1042, 
mark1424, 
antonia8283, 
melissa3244, 
stig7991, 
john3783, 
jeff1305, 
marc2435, 
sveinkristian2655, 
valerie4893, 
mindi7467, 
shashank1875, 
karen5800, 
wrinjypoo, 
jessica3947, 
maddie7571, 
majid4692, 
donna9492, 
christine4449, 
thomas3771, 
anu5141, 
giovanna12, 
samRI, 
jay4588, 
elaine1515, 
lindsey1896, 
ryanandtakako1978, 
andrew9364, 
jenifer3162, 
jerryjoan3191, 
lawrence15852546, 
bobbie8588, 
bart9356, 
andrew8792, 
danae8785, 
brenda2649, 
milena9288, 
susang3496, 
suresh6514, 
mark3013, 
karen9990, 
aimee1388, 
cristina6853, 
michael4113, 
joseph81464896, 
kathleen8756, 
jack8373, 
angie9729, 
mahmoud5049, 
bryce5573, 
alexandre7047, 
anna1463, 
